,January-15,February-15,March-15,April-15,May-15,June-15,July-15,August-15,September-15,October-15,November-15,December-15,January-16,February-16,March-16,April-16,May-16,June-16,July-16,August-16,September-16,October-16,November-16,December-16,January-17,February-17,March-17,April-17,May-17,June-17,July-17,August-17,September-17,October-17,November-17,December-17,January-18,February-18,March-18,April-18,May-18,June-18,July-18,August-18,September-18,October-18,November-18,December-18,January-19,February-19,March-19,April-19,May-19,June-19,July-19,August-19,September-19,October-19,November-19,December-19,January-20,February-20,March-20,April-20,May-20,June-20,July-20,August-20,September-20,October-20,November-20,December-20
Electricity Company Counter,3354488.8,3030597.6,3241502.3,3034376.8,3883110.9,4065047.6,4434543.8,4690761,4053599.19,3903177.42,3539500,3510177.4,3445540,3196490.5,3292367,3226024.5,3822070.5,4260933,4607485,4448433.5,4065365.5,3251455,3405779,3430355,3626306.5,3208575,3505659.5,3239641.5,4018215,4441878.5,5007129,4875123.5,4176939,3590878.5,3439565.5,3426506,3557478,3129743,3373342.5,3206203.5,4065136.5,4303577.5,4764724.5,4601894,3797049.5,4058220.52,3458595.5,3486577,3549980.5,3145473.5,3457133.5,3048124.5,3857757.5,4516239,4896729,4605829.5,4310188.5,3661294.5,3501474,3677010,3733662.34,3402911.16,3044460.94,2470572.16,3344375.64,3691921.18,4328643.14,4456943.98,4287362.44,3753988.22,3243847,3194604.56
Building 14,0,0,0,0,0,0,0,0,0,0,0,0,0,0,0,0,0,0,0,0,0,0,0,0,19442.02,19321.73,15904.75,11806.51,14543.88,15891.91,23492.34,19301.28,16487.18,14697.42,16170.48,20810.06,25952.96,24141.94,19194.46,13677.54,17702.63,18799.58,19552.23,17281.99,13251.5,15974.04,15058.3,19510.34,32322.67,20597.35,19120.75,12793.32,15889.49,19220.65,21234.02,15783.52,16713.58,13395.52,15324.38,18731.01,21346.58,18317.78,12132.83,7308.02,11366.84,13582.4,13594.38,13306.8,12334.07,10899.14,8913.22,10216.24
Building 15-16,76159.75,73075.27,74557.07,69575.98,77537.07,79975.29,78243.42,70314.84,64041.67,53654,70964.03,66072.11,78345,106225.18,79563.12,67148.2,74772.29,75372.79,73530.57,68010.61,65365.85,58248.78,71316.12,74938.32,79334.66,68668.28,69541.81,59597.69,70818.71,72572.08,73746.99,72094.32,66696.94,66406.45,72001.8,76639.44,82812.99,72721.28,74877.44,71604.08,81380.29,80127.66,80964.67,74981.75,69768.22,77318.18,76293.6,81918.65,80986.07,68354.88,79253.44,71262.98,78553.85,80835.15,78680.25,74845.36,74679.36,72665.16,75472.21,84106.24,84428.05,72613.89,56865.91,41954.4,56673.32,60357.77,56887.93,64589,68955,61578,63558,58956.93
Building 17,21957.92,18028.98,15149.43,11945.39,12618.82,14247.49,14256.78,12867.08,11489.58,12519.92,11864.02,15405.43,16967.56,15692.17,14008.2,11988.75,13516.96,13433.53,13329.65,11626.67,12350.81,11203.27,13734.67,18250.9,19525.31,17215.48,17108.65,13157.98,14934.39,13571.73,13220.69,12000,12789.88,9230.97,10647.12,11827.01,16272.08,13779.67,14547.47,11773.78,12022.9,10155.42,10657.5,10286.5,10189.44,10313.26,10743.95,13159.73,17116.72,13160.29,14924.58,12083.06,10763.36,9963.47,10674.28,9750.88,10825.56,9763.25,10313.2,14048.81,15075.77,12487.45,8015.5,4239.81,9064.81,9694.54,9478.95,9161.28,8544.02,8701.6,8534.39,9705.37
Building 18,21782.05,17671.29,17120.29,14665.17,19949.65,19481.16,17474.01,16441.46,15931.28,17923.87,19040.25,19952.29,22787.02,19078.92,19471.39,15607.42,18868.86,19269.22,18303.41,18131.3,18112.39,14324.72,19791.6,20858.45,22545.04,19120.67,20359.79,16608.06,21140.01,21411.49,21194.47,18133.69,18581.54,19131.07,21776.28,24448.23,27394.09,19517.38,19566.95,17290.93,21233.14,20877.07,19840.03,18410.72,16270.22,20049.09,23312.39,26734.16,34066.53,25909.36,19466.09,15055.7,17135.52,17391.83,18756.38,18569.44,16230.71,16298.52,16068,20430.97,29965.05,22239.8,12466.28,6382.53,13140.51,15736.39,15494.02,15187.64,14304.8,12376.8,13100.75,14605.35
Building 22,96120.52,90718.93,38409.86,39974.09,37609.14,31630.15,103385.36,100701.26,77789.97,104667.5,118398.6,121195.72,115248.7,106045.09,106700.1,95520.76,112520.59,118853.72,126107.6,96934.9,100968.68,75002.41,106690.02,102678.93,115803.62,110260.97,108950.07,91071.53,108813.69,116053.38,124244.12,96162.45,87552,80117.54,103031.95,103394.47,112677.18,98684.74,96289.44,82684.76,108212.62,113817.29,122601.23,93652.84,72327.85,113715.8,118752.54,109815.58,96588.84,86662.73,88725.18,74535.23,97250.64,100709.34,106762.79,77097.23,88570.44,93544,115000,97697.14,90948.81,82801.07,57805.84,24640.2,65340.03,72707.87,83257.36,86117.21,72422.59,72737.35,63616.19,69856.64
Building 25,0,0,0,0,0,0,0,0,0,0,0,0,0,0,0,0,0,0,0,0,0,0,0,0,0,0,0,7132,9087,10442.3,12199.6,10791.79,9233.06,10895.26,11671.87,11297.88,12750.76,11783.57,13049.54,10713.8,12994.61,11388.92,13698.23,11570.39,8552.95,12435.14,12096.93,14146.67,14284.34,11909.18,12303.99,10568.74,12024.1,14670.56,14752.14,12468.55,11566.03,11800.86,12432.62,14084.1,15333.14,12984.22,9450.04,6097.06,9807.7,9987.9,10408.86,10623,9677.35,9007.57,9223.62,9104.62
Building 26,25037.24,30398.28,16105.61,14264.45,18378.34,18984.96,21162.31,19244,14404.12,15704.9,18124.23,18458.99,17640.43,16979.39,16153.74,14142.53,17044.32,24379,20540.99,18670.84,15636.02,17536,16936,33777.88,35903.07,29881.49,24269.14,23168.04,26194.56,27818.96,32848.97,27936.86,21964.93,24521.93,26529.32,30575.9,34966.64,26194.59,28184.6,24995.11,28743.6,29459.3,29123.72,29812.3,25990.46,30573.97,30543.41,34462.81,37323.34,31400.99,30622.81,23948.81,28444.66,26581,29383.33,27856.74,25817.91,25477.89,28014.99,31236.1,33786.55,32202.65,23891.9,19096.35,19951.06,26050.47,27051.44,25168.88,27280.89,25847.98,24384.14,24547.33
Building 28,24523.74,20384.14,16094.36,10610.29,16518.46,19006.24,21113.47,20141.01,18478,20808.32,20323.22,17738.21,19934,11980.32,17884.71,12155.53,15712.58,18416,17324.09,15832.73,15366,12141,21869.19,18811.74,19841.76,17229.32,16850.08,14349.28,14442.11,19860.84,22586.53,19742.74,14571.85,15066.19,20646.25,21140.8,21721.65,19376.7,20536.39,17924.84,20955.64,19897,17669.07,18906.12,10099.86,14090.29,20004.82,19580.52,19830.62,17332.84,18593.42,17016.74,15507.43,14721.8,27656.55,16064.41,16182.9,15106.5,17523.56,18811.9,19148.99,17025.87,14493.09,7171.07,9044.47,9314.28,11191.48,10672.46,9725.92,12000,7853.7,10779.21
Building 29,81857.8,72343.28,82954.01,79239.92,87664.92,86926.99,88240.18,87621.81,77839.87,78641.96,81971.47,80412.16,80142.88,72968.79,79437.33,72146.4,81012.26,83579,85272,79406.71,76701.6,75709,74337,90914.52,88955.17,83707.19,89444.48,78621.36,84048.67,89583.19,89042.97,89398.89,85671.16,82361.93,82549.76,88821.38,92328.19,80740.19,87017.36,81733.86,85976.75,83882.76,87119.34,85716.74,71933.1,88258.44,84680.44,87789.73,85861.55,78447.22,86993.88,77298.03,89654.63,87487.21,101537.37,79497.73,76146.17,73374.82,77281.7,83243.98,81750.27,75036.53,71500.56,61515.44,71541.62,80574.04,76480.19,74384.12,75057.86,73658.6,75892.72,78434.9
Building 30,20977.99,19237.23,20345.79,11461.91,15265.94,14816.21,26141.4,24469.65,22374.29,14457.99,23048.9,22749.89,23359.86,22651.96,23109.48,19266.41,24999.94,31339,24240.8,27765.77,24208.62,17941.55,24771.25,25020.88,25140.84,22533.35,24203.34,21094.26,26982.95,28387.65,30624.19,24763.43,22778.72,21588.9,25023.56,25164.38,22439.81,35822.54,24629.85,20974.27,27952.3,26639.81,26330.88,21351.99,17073.5,23557.05,22468.81,22079.79,21694.04,34745.32,19937.21,18405.76,22144.84,23414.2,33746.64,23875.65,21629.83,14303.69,20628.38,22228.98,20808.43,18026.89,12611.83,9682.02,11220.04,10713.23,12904.86,10444.61,10683.61,11041.33,5192.5,9151.36
Building 32,28607.31,24420.4,26280,22464.28,23762.65,24214.16,24897.33,22960.05,19797.23,23411.96,27754.83,30014.6,21320.54,18318.78,19288.02,15809.51,18957.33,28306,22365.02,18956.08,17935.68,14941.31,25986.14,19214,19110.85,16545.43,17421.92,14651.85,18566.67,18797.56,20977.63,17954.41,15332.87,13605.99,17072.48,17430.01,16403.8,24986.24,17131.7,15018.68,17941.45,17406.71,17566.54,17327.99,13131.62,15367.85,15232.92,16030.54,16940.93,13906.08,14223.88,13857.62,11281.1,10002.99,28613.14,15246.85,15196.68,12098.45,15582.44,17614.61,17181.18,15702.87,13680.66,11558.96,14471.78,14738.27,14192.09,12658.01,12193.05,11460.54,12265.7,12774.63
Building 33,64547.9,55936.87,52793.14,47815.65,56332.31,59818.06,57945.84,59360.1,52097.03,54372.86,58765.51,62288.64,64928.27,50219.14,58466.46,48432.3,60139.3,70259,55678.62,59695.52,54937.3,44831.6,57635.41,64672.45,71313.4,54706.63,53937.61,50762.32,52043.15,71344.01,42610.06,66634.08,69081.19,77888.42,83852.12,80777.63,75951.46,50000,90578.83,89388.9,96339.64,95496.77,103553.09,97112.14,89450.43,86258.08,87788.09,85788.84,91019.02,80655.13,86751.38,78857.63,72229.08,70786.04,109292.01,91346.83,91676.17,85431.57,92692.95,99644.07,100854.3,85791.72,77247,63935.65,79220.88,80837.23,86150.63,86423.78,64458.85,84019.02,87829.38,83900.24
Building 34,61659.02,56117.37,58468.33,53679.7,61909.15,64321.61,65049.87,59741.43,52687.14,51891.9,37491.82,62860.89,53099.24,60959.91,60295.46,52313.92,61881.13,43406.09,64133.62,59216.27,55479.98,50543.97,40612.26,58304.8,48105.13,62437.2,64543.66,47378,52693.22,59826.72,61267.65,43750.22,26876.55,36967.7,56325.66,57006.18,52212.48,72684.07,52797.34,46709.8,57428.82,57159.45,57262.42,46051.36,37275.06,48452.64,50626.66,51386.39,55471.47,44192.84,47068.89,42774.9,38005.99,54620.34,64508.41,44212.56,46155.86,39947.61,47225.71,49964.84,55335.45,48201.39,33386.85,21966.26,30613.13,40486.62,41913.27,44276.58,38414.55,35966.5,34786.08,36621.4
Building 35,62793.99,54415.58,45366,50094.6,58079.85,60429.13,63209.42,55276.32,45625,53177.87,60239.65,67727.85,64116.57,63113.38,61814.79,51136.04,66332.62,70089.08,70053.32,59852.43,56107.92,45661.4,59921.54,62175.76,65882.31,57640.84,61692.1,52352.83,62237.31,64161.88,66580.13,57924.59,45059.39,44281.76,58143.32,59148.11,62518.14,51975.19,55664.49,50857.56,59066.04,54865.43,56488.14,45049.12,35120.56,50012.26,51879.31,54127.36,56217.33,46986.77,50310.17,43121.99,52671.07,55279.63,58741.15,43991.54,45132.37,30103.55,50000,55000,54241.06,48391.77,29223.76,12223.01,27347.91,33559.52,33262.36,30369.8,26183.59,24142.92,22774.11,25356.21
Building 37,154889.66,129380.76,147036.35,141244.33,136690.88,140396.04,151554.11,147486.63,136471.92,147611.94,160673.69,160612.08,161378.3,139718.77,154140.06,138071.59,138561.76,139081.87,140219.52,144280.21,129670.65,121926.21,134371.77,146555.83,149367.01,130961.15,150146.99,122705.8,131900.59,131008.73,136788.62,137195.71,132294.85,123500.06,105488,140000,146939.92,130000,150000,108431.27,126892.77,128987.29,136676.38,139052.29,129784.89,135568.46,133367.01,137497.88,135595.06,123789.73,133732.12,116187.89,139473.42,133848.56,147883.47,137096.25,136582,135481,130983,153504,132321.43,143160.13,123061.74,89544.95,125373.52,123713.96,123307.55,134550.99,130721.26,131308.82,135236.12,138719.41
Building 38,16392.99,12839.51,12798.74,8786.98,25780.39,16401.06,16208.25,15289.94,13504.82,14908.81,17050.73,18193.71,17028.27,13744.52,14620.6,13945.6,15994.15,13712.45,13010.81,12141.65,11723.55,11208.35,15220.44,15940.08,18827.35,14726.62,15624.51,14269.63,16396.97,15182.85,14494.31,13657.68,12865.53,13872.69,15978.97,16490.23,15821.13,13514.09,15522.7,15009.16,17924.08,16228.37,15561.37,13923.55,11854.45,14356.57,16149.16,17059.17,15582.61,12980.78,15105.73,13368.03,15204.89,13891.09,13903.07,12097.18,12202.62,12847.45,14312.59,14860.42,15305.06,12717.99,11808.76,10279.21,11537.55,11679.72,12102.77,12156.62,11284.94,12548.2,15084.21,14559.92
Building 39,138875.32,118836.37,126337.33,115244.37,118416.93,116710.98,115955.07,118480.42,115577.58,124850.31,128989.98,143526.81,140114.15,129313.72,135888.49,126084.87,102810.32,94444.81,121297.59,109007.97,113000,107812.49,122825.13,141056.44,136727.6,105332.61,144228.79,123183.36,121273,123281.24,125022.87,126832.97,121103.53,113883.16,112346.27,120679.83,124298.33,112915.13,115828.72,108660.36,114370.32,106570.72,111105.99,111479.32,101653.95,107926.92,104621.28,114192.29,119101.69,106997.79,116192.2,104062.81,104837.86,92303.46,107483.53,110382.81,107589.25,108008.82,103905.58,112033.15,135701,116698,131778.42,100223.16,107872.74,110873.36,115988.24,117015.89,112241.33,113492.75,110696.75,122145.21
Building 40,93014.65,85992.97,82496.12,75956.81,79174.05,76042.15,76600.37,84114.63,82275.71,88408.73,84160.32,100210.09,107229.86,88780.89,92026.8,76260.48,78961.37,83528.75,84640.63,92003.47,83610.24,65598.46,88843.31,85595.66,116710.4,82583.16,94786.44,80232.33,82964,81166.12,88418.83,88838.17,78431.8,72030.49,79447.46,81106.45,90350.81,78379.07,83651.95,76978.96,79997.83,78124.05,80063.67,82642.27,74245.84,78647.97,79932.8,90288.63,93124.06,75878.92,81513.72,75871.12,79655.33,78427.85,87168.33,86828.03,84543.39,77693.81,82908.64,96510.94,102457.42,91777.79,87970.01,82443.41,86156.61,84858.72,85716.01,85824.33,78622.41,84462.61,89550.12,98617.21
Building 41,0,15000,33961.65,119022.9,130073.21,126164.23,129515.94,169661.25,158678.03,167630.53,147048.89,163355.49,166655.35,155688.84,161362.93,145978.55,153353.36,146472.63,150677.22,145289.17,142753.8,134628.1,134816.87,158706.21,163723.77,140229.35,159712.09,156483.03,167713.48,170606.21,171607.23,171879.45,166819.81,165029.17,167927.44,161837.94,166966.77,141703.5,166891.09,164933.95,156097.98,151515.15,151974.83,156335.37,167309.88,152687,151397,155229.7,163417.63,141544.24,159604.99,143574.29,126286.34,147389,151364,150398.59,143880.16,142621.52,148972,152027,154208.15,140986.34,141598.07,139341,156204,154042,161021,156514.27,144775.94,155377.52,125905.39,163417
Building 42,0,0,0,0,0,0,0,0,0,0,0,0,0,0,0,0,0,0,0,0,0,12969,13179,0,17079,21723,26276,35156,59511,66633,63442,76011,73253,82514,87689,93035.65,103525.13,97798.89,100702.2,100000,70737.66,67328.63,71173.74,67738.48,56402.38,67239.79,66236.42,70386.74,80272.92,85882.66,89725.26,67642.95,70321.21,74957.28,81522.43,74905.99,70625.62,63828.3,67886.66,79586.1,83673.45,77110.17,68277.55,55281.3,65816.09,70213.92,74212.84,74157.07,70870.43,73398.82,74101.36,79873.39
Building 43,0,0,0,0,0,0,0,0,0,0,0,0,0,0,0,0,0,0,0,0,0,0,0,0,0,0,0,0,0,0,0,0,0,0,0,0,0,0,0,0,0,0,0,0,0,0,0,0,0,0,0,0,0,0,0,0,0,0,0,0,0,0,0,0,0,0,0,0,0,0,0,130223
Building 50,116186.48,99998.25,110332.71,107416.45,110801.35,109801.92,112077.51,109688.85,110007.67,106327.32,112228.91,119828.88,108146.6,111158.95,111573.83,106629.8,114049.85,119650.91,116744.41,107384.27,99830.06,107408.74,101608.92,109470.58,116884.17,101955.36,110082.19,110500.93,113578.29,105829.07,107308.39,110575.72,108831.03,109985.11,109299.47,117568.84,116505.92,102306.46,105501.83,102444.1,108092.29,106528.39,110196.4,107241.55,96090.96,102721.77,102480.79,108230.4,109794.99,97677.23,104601.42,98322.62,105349.29,103759.06,104581.09,107657.95,109855.02,114574.96,114938.03,122448.31,130458.16,117557.43,121915.8,123418,120814.89,115020.37,122766.08,125348.47,117943.19,127692.33,117479.34,123856.35
Building 51,169758.98,148659.42,155605.06,149348.89,154295.14,172669.84,183862.26,179967.78,168639.22,168755.04,148988.37,160115.19,165456.39,144074.49,156294.53,139545.94,153934.14,164553.98,194287.33,193232.73,189448.9,155513.2,147854.6,162408.15,178131.53,163355.29,170697.68,154149.87,166254.84,184370.05,189326.97,188545.14,186491.36,177306.46,171989.93,162828.27,173195.05,148272.88,156768.79,165582.45,176493.44,185872.54,203215.11,205214.11,189666.48,182779.1,176160.63,173116.62,181474.59,159386.57,171453.72,135518.6,162256.26,188376.33,201845.12,196203.98,191203.73,170700.03,157719.49,170865.64,178592.29,162933.69,160267.62,157881.78,164730.31,179408.05,192947.6,203359.07,198745.95,191443.99,176085.84,177507.08
Building 54,121390.84,111928.45,124141.73,125424.42,129252.84,152248.83,135520.13,166229.25,126831.56,144597.34,115373,114044.14,111744.67,107497.33,109199.57,107165.32,112494.52,119893.71,171107.64,152848.4,161322.15,133323.15,123121.13,119358.26,119448.65,114100.05,129979.85,78503.98,55896.77,74981.15,77292.37,100274,83793.29,69585.34,66908.49,63911.78,67314.13,63895.27,66413.7,76462.01,49308.24,47847.58,59920.22,59892.03,50100.21,52105.97,53305.35,53715.32,54440.36,46521.39,56799.66,46754.45,51854.99,81749.26,89388.53,94225.34,70238.21,70646.43,101914.42,107100.62,143379.97,126626.12,112371.74,118717.45,162771.84,165546.48,182168.81,184766.55,171888.6,199158.91,131702.14,115378.53
Building 55,29212.44,24507.48,26598.66,22866.98,26540.87,28695.36,27840.47,24886.29,21724.39,25426.42,21314.73,20956.47,20430.5,26158.27,29184.28,25064.67,28626.83,28733.4,27634.73,27458.6,25904.13,22518.75,27519.64,28290.79,30717.66,27938.92,28371.1,26484.17,29541.38,28726.99,29802.12,26308.76,23772.34,24330.54,28508.36,28266.95,28797.91,24035.21,25601.79,23885.73,27357.2,24615.52,26170.31,23276.21,19407.52,24967.44,25983.41,27806.26,27707.78,24173.64,26365.43,23513.8,26510.76,26047.35,26904.76,24064.07,22576.61,21404.29,26708.03,28380.51,29257.67,26528.45,23582.71,18412.71,23624.45,23716.53,24436.72,22823.7,21068.04,22479.68,23786.35,23560.96
Building 56,17544.72,15822.33,12511.46,12784.07,14692.71,16321.23,15710.72,14915.71,14013.34,15871.58,16497.84,17522.5,17311.28,15119.91,13687.46,11983.9,12785.31,12009.56,15012.19,14756.68,15857.87,13230.44,16087,16734.15,16865.98,15351.35,17265.8,14787.31,16519.86,16275.68,16546.43,15781.34,15975,16935.74,17154.24,16976.99,17693.93,15196.09,16232.2,14144.63,16599.86,15749.43,17316.88,16167.26,13685.37,16975.71,15257.35,15773.33,16581.58,14453.63,15636.86,14913.79,16806.9,16464.76,17113.23,15534.17,16765.42,14827.18,15969.44,16508.48,16002.76,15400.27,14211.48,8914.13,13067.29,15602.89,14014.19,13788.73,14083.77,13106.11,13474.55,13916.58
Building 57,16093.1,14235,17817.17,14845.07,15921.48,16525.06,17619.17,19114.2,17057.34,17768.75,19137.08,19829.44,19644.93,18679.8,21309.5,19566.17,20016.53,19264.88,18527.29,19243.47,19286.25,16439.06,16199.52,16675.49,18605.7,15378.38,16453.85,15505.14,17679.77,18336.97,17461.94,17636.49,18010.88,15217.93,16577.89,16597.95,17761.26,14657.59,17568.95,16598.85,19137.18,17664.69,18380.2,18302.36,16870.49,16873.12,17008.82,18088.71,20922.03,12009.94,18638.38,17200.26,18904.72,18671.6,18617.22,17505.26,16314.01,16077.89,16819.85,21366.72,16305.73,14733.07,17137.41,15873.12,15234.84,16227.2,16907.78,16402.26,16214.15,16896.39,16596.06,16961.3
Building 58,48636.81,41079.5,42779.45,38194.06,43216.47,42991.37,44373.53,44647.02,41415.01,41727.51,44720.31,51699.83,51112.15,44924.8,42830.15,42614.22,47122.84,37125.37,35097.1,32477.48,30432.23,28665.15,55358,57911.58,62845.96,53219.17,57038.81,52168.12,57694.44,55669.03,58941.29,54501.13,51554.01,49480.16,54287.61,56304.92,60052,45860.57,54380.43,49131.3,53842.96,52706.81,52138.15,50259.79,47752.91,56636.41,57856.85,59734.21,62827.02,53938.73,58667.76,50539.17,54644.11,57196.37,58344.69,53258.79,52663.6,51233.22,53044.78,59089.34,60211.8,51180.89,46586.26,38133.93,45770.24,47219.84,49075.01,52594.01,53416.47,55595.3,51318.67,53984.57
Building 59,64048.09,52784.43,57177.02,55266.02,58933.9,58258.75,58330.97,62137.86,54715.95,59989.62,59227.19,59603.53,60712.15,54602.48,58644.24,50953.52,55311.1,57670.36,56344.73,56751.76,57945.17,51259.47,57777.66,61595.67,62953.92,52320.26,57453.66,48025.53,53078.47,55222.19,55897.68,56923.77,54942.94,45649.91,54515.06,59456.47,56430.86,48741.03,48943.71,45591.36,56238.95,55031.74,56642.55,53734.06,36620.81,52362,51567,55595,54230,48944,49606,40851,48259,50644,53419,53697,51264,53566,50261,52990,50207,45708,40888,35409,44791,45661,48203,48438,51000,52690,52520.33,54557.71
Building 60,17153.66,13810.52,15275.9,13615.63,13213.47,14154.29,13871.47,14699.47,12421.76,10752.11,11078.72,12874.04,13684.82,14084.12,14776.87,12775.92,14681.02,13675.18,13607.9,13434,12668.82,10412.71,12408.27,14287.49,13484.87,12464.44,12304.11,11081.14,12504.73,12748.27,14338.32,12765.61,11728.34,12436.84,12975.27,13044.89,13969.37,11617.82,11912.74,10737.09,13063.34,12762.46,13108.4,12878.07,11164.83,17041.54,17609.05,18411.32,19760.68,18089.87,18174.49,15174.85,17348.29,16841.84,18532.26,14660.39,15254.51,13427.93,12914,16471.27,18360.72,16085.64,12897.99,8986.13,14412.42,15859.09,17000.11,14762.69,14668.5,14410.39,14151.34,15541.54
Building 62,77615.56,67884.95,73580.71,63714.22,67270.83,65462.44,65705.26,68416.51,64360.76,67473.95,65610.87,70433.41,71469.41,65734.24,70392.12,62414.01,66241.22,66953.84,68160.12,71308.5,69445.94,63768.33,62280.3,68078.04,68696.67,62408.45,65895.42,60417.33,67170.04,69527.68,74042.66,75221.6,68067.85,55397.32,54022.23,54970.51,55961.24,48588.8,51079.74,47993.09,59582.84,57163.57,62852.53,60588.05,41397.56,42254,53546,56986,55887,49217,53655,45448,54931,55287,57494,60457,59102,44588,57920,63768,56000,50000,29592,25301,31260,32414,36049,50760,59000,47131,57463.16,56604.13
Building 63,59932.96,50318.8,52127.17,46545.61,49423.77,52724.49,54747.66,55833.47,49667.86,51125.14,45197.01,47628.94,49112.9,43483.11,47365.21,44258.44,52358.64,59254.34,64273.45,68492.3,69463.77,59540,57472.2,54297.25,53823.2,52863.21,66805.03,58460.97,66331.98,68192.81,71373.17,76360.41,67932.97,64658.98,48000,59972.97,63279.94,56090.44,57553.03,52729.19,59303.12,61018.45,70612.4,77815.37,57094.27,63544,51779,54195,46787,46365,48338,41250,47815,47464,50004,77252,68040,65833,44822,51537,53777,48197,50177,39392,43862,43023,46283,45218,68000,44275,47742.62,45170.14
Building 64,15206.02,11507.81,14505.69,15816.59,20928.58,23082.33,22310.18,24382.54,20972.7,21712.8,22073.68,29042.39,31409.99,28506.96,29542.63,27211.97,33379.85,32291.61,33450.19,33842.29,33199.37,30384.37,30667.08,35379.39,37066.92,32600.98,33468.33,29931.68,33663.93,33301.47,36648.9,35503.6,32020.66,29463.99,32177.52,34972.62,33516.6,31753.43,34977.7,32644.51,35830.78,34681.11,37336.31,37296.42,30537.27,34491.49,35291.85,37798.65,38169.32,34549.57,40109.96,33379.28,37505.13,29185.09,49897.41,44783.87,41380.44,39240.88,43379.41,47826.59,45386.84,39493.79,37528.77,37804.05,43196.7,46078.77,48225.08,48985.47,47964.49,49498.61,49365.23,47801.36
Building 65,14046.86,12460.01,10268.19,8810.44,12775.58,14445.52,17059.12,17277.99,13202.39,12452.1,9544.82,13695.7,14974.01,12111.28,9659.26,8407.73,13577.34,18123.04,18031.82,17756.13,17056.3,8260.58,8672.62,10734.81,12731.45,10608.36,8716.92,6875.91,13000,13709.46,14511.96,12615.09,10277.13,7435.93,8228.16,5500.14,42849.12,27307.52,24821.36,21030.39,12086.54,17416.76,18982.18,18745.32,12711.61,8174.52,9774.65,10657,11572,9863,11597,11654,11568,17995.13,19896.74,13092.35,13020.17,10687,10563,10323,11758,13521,8654,7893.14,5536.19,7496,8975.41,8985.45,7469.06,4805,9976.7,9805.72
Building 70,148134,191558,116520.88,97500.37,227138.09,241302.08,231447.98,222073.3,200317.1,211593.63,227727.19,238177.9,239342.24,215619.34,191610.39,203947.39,211588.09,231072.9,243648.7,231814.96,224051.69,182315.15,224775.45,236879.67,267106.93,224137.55,238647.28,192503.51,218807.78,234558.73,248778.87,229894.91,197482.75,196857.21,218072.38,220390.28,237956.85,200723.65,210074.53,186776.29,230276.01,221747.84,246675.87,172848.16,234663.19,232020.83,215075.13,222233.45,233120.13,195840.44,212507.96,178449.35,215694.29,216864.21,221734.76,193427.55,188106.28,190369.18,218081.53,254822.94,249255.88,208522.36,146861.44,80548.63,126923.65,169808.73,179228,180781.8,153167.95,140000,160000,190083.12
Building 71,113787.45,92728.19,101698.58,84030.21,99444.18,99775.88,93982.11,90958.32,77505.17,85687.11,91528.97,101326.29,111464.02,103332.42,83659.26,79366,103677.54,97710.49,96660.87,91136.35,92746.9,68955.58,94281.45,107311.73,118547.92,100794.77,96817.15,79918.6,100645.56,99129.44,100210.34,88470.4,80319.53,48283.03,120078.95,93994.57,116595.32,91144.02,84935.18,74998.25,93126.74,89165.3,94935.73,75212.15,70388.66,88824,89484.07,100189.58,107945.88,86543.2,90561.58,74736.58,90220.35,88779.41,97015.03,80408.51,82363.18,69070.18,79346.31,108854.24,120489.44,98006.82,74908.29,48142.2,71294.71,80834.77,83428.17,78884.38,67084.03,50416.39,75012.83,78947.36
Building 72,147393.34,137683.75,144542.16,109321.26,146849.47,151882.34,147418.59,135185.76,117429.4,128424.47,145359.49,153093.35,154375.9,140002.38,141488.9,123639.26,154151.95,161206.45,154891.3,146396.25,139868.66,108315.82,140337.47,151073.49,163074.14,138792.89,147009.26,121171.54,157806.32,157540.57,164409.6,157832.07,134062.66,110197.78,152375.34,147188.22,154506.51,127252.93,131595.82,110876.93,144647.45,142606.86,150462.24,134199.32,119802.62,145274.99,134463.94,142816.05,151299.96,133586.89,142657.08,125562.74,142915,144685.7,149038.9,123563.26,123779.5,112374.5,126403.52,144331.84,150617.94,134410.03,95247.1,60390.06,89308.44,99040.92,104126.83,113080.47,108484.77,93019.36,89055.46,79720.14
Entrance Gate,0,0,0,0,0,0,0,0,0,0,0,0,0,0,0,0,0,0,0,0,0,0,0,0,0,0,0,0,0,0,0,0,0,0,0,0,0,0,0,0,0,0,0,0,9176.41,7972.17,4379.49,6139.81,7060.53,6314.8,5585.28,4368.44,5944.16,7412.15,9436.29,11898.75,8810.36,7348.2,5279.46,5027.67,8664.75,7084.45,5938.5,4316.41,6341.43,6643.88,8040.37,6919.87,8062.5,6538.2,4286.22,4858.14
Building 74,56864.64,48851.98,52865.7,46109.75,57573.41,60880.93,60952.75,55745.45,48485.22,55421.48,56010.59,57218.09,55571.32,49415.96,49872.44,43469.02,55678.67,57391.86,59399.44,52509.25,54922.29,43797.46,55397.55,55141.43,59235.23,58652.72,58168.51,49805.32,57483.6,52386.35,56804.05,55000,54594.17,50663.85,59964.37,60443.94,64453.77,54887.33,61636.28,55278.2,69989.28,68369.88,68932.18,63235.28,50944.9,40526.55,49518.41,53303.47,57074.41,45343.53,61550.85,43362.13,53600.88,56308.25,56510.99,47472.06,47148.67,40383.17,44277.24,49489.85,54917.93,47572.19,34801.03,19090.84,30368.11,38452.68,40867.96,43160.39,37633.33,28545.76,35343.67,35784.35
Building 90,94662.54,87277.53,67066.34,58494.2,88539.97,96513.74,97159.89,76752.55,59107.9,60138.61,85170.41,91760.97,97547.42,75310.18,81289.66,68494.85,96643.55,98012.92,103576.5,85093.71,71162.21,53900.64,89927.27,107575.44,104714.54,86888.53,82041.73,74399.84,99020.57,101974.63,100063.39,77477.44,58697.33,65960.36,78529.54,76548.55,76390.62,49208.95,66954.39,60799.61,84886.5,89687.41,83130.43,63341.81,46322.22,63467.46,70242.62,84570.86,88198.4,66716.61,64739.16,79615.91,82628.53,80378.02,77376.6,62407.85,61056.21,41817.55,50478.65,60836.28,74792.11,57519.07,34605.16,21516.68,27835.17,43930.8,43525.68,41711.27,37470.01,30266.89,28715.04,30502.32
Building 92,9439.48,8082.77,9199.43,7371.35,8934.12,11453.34,10522.93,9044.73,6547.12,7332.39,11998.12,14645.12,11316.64,9291.63,8542.56,6491.83,10663.36,10360.51,9881.97,8508.54,8014.35,5439.4,11289.39,11502.07,11005.78,8864.19,8658.39,7700.58,10285.47,9490.16,8736.82,6778.27,7233.72,6902.64,11007.16,11433.11,11536.78,8890.73,10105.02,8359.74,10609.4,10087.12,8816.58,7607.64,6195.27,9363.9,11420.63,11560.61,11164.48,7616.26,10398.25,11727.74,7582.47,6439.63,6108.51,14536.59,13863.3,12774.96,17670.46,19238.27,18736.04,15319.72,10305.21,4409.16,5824.45,8049.12,6422.82,6013.47,6180.73,5046.06,5123.05,7585.06
Building 93,4379.07,4020.72,4389.57,3636.38,4197.71,4539.85,3783.42,4114.24,4987.61,4121.31,4979.6,5275.11,5538.48,4453.45,5929.27,4470.25,5272.55,5056.8,5277.31,4466.02,4888.42,3881.37,4938.2,5176.12,5494.51,4551.25,4836.78,4191.78,4616.74,4277.4,4310.11,4042.52,3715.75,3652.94,3948.22,2511.51,1149.63,2095.6,3923.48,3900.29,3635.55,3812.65,3928.74,3700,3424.18,3881.3,3824.12,4098.14,1285.42,4354.45,4404.08,4189.57,4469.72,4398.95,4414.03,3954.66,3850.05,3557.93,3880.97,4571.89,3454.98,1721.87,1333.88,9401.49,3799.63,3908.95,3986.3,3915.76,3630.12,3530.56,3957.93,4056.06
Building 93A,4362.81,5046,3188.51,2632.6,3836.52,4373.56,4837.35,4449.22,4105.9,4045.52,2612.75,3602.45,3782.12,3375.08,2873.27,2306.46,3913.71,4873.9,5073.87,4378.3,5104.04,2913.94,3520.17,3434.89,4430.8,3453.04,2905.11,2393.87,3954.83,5435.38,6718.93,4786.65,5108.95,3353.7,3340.24,3811.37,4465.81,3395.67,3519.4,3322.69,5101.5,5274.78,3045.45,1511.95,4634.01,3327.06,3023.41,3487.05,4285.42,2644.74,3831.05,2477.37,4231.67,4357.2,5764.22,4147.34,4159.07,3300.42,2706.5,3162.74,4041.28,3521.46,2664.96,974.6,4607.98,2004.11,7864.64,5000,8343.68,3444.94,2690.24,1413.58
Building 94,3103.11,3065.56,3282.47,3848.57,6285.5,6456.34,5938.52,8233.38,5380.81,4595.39,3306.94,2984.52,3261.94,2620.49,2936.33,3384.95,5224.92,6397.53,6589.2,6551.57,4813.37,3441.3,2729.65,2442.32,2767.52,2017,2182.65,2027.6,3608.51,5074.72,5149.29,5781.04,3905.94,2906.86,2436.1,1940.08,2278.83,2114.92,2349.44,2879.37,4789.53,4806,5475.9,5587.34,4077.92,4640.56,3152.2,2698.57,2908.51,2190.9,2347.43,2649.77,4761.73,6166.04,6355.04,6760.5,5763.86,3540.98,3080.18,2378.77,2712.54,2197.77,1848.59,1744.14,3439.62,4602.82,5485.62,5542.88,4868.21,2890.95,3000,2735.78
Building 95,124202.2,114089.95,158211,95645.89,147081.75,140423.53,152671.5,150132.84,134638.57,146420.16,153131.88,129653.39,121914.26,121760.91,138225.71,139047.61,145163.11,150770.76,157612.11,151447.57,146443.01,119072.36,129564.25,97887.9,126401.48,112986.86,129365,134240.7,158252.92,159305.14,166369.92,162808.86,157112.75,141637.58,131681.4,114549.91,119520,116462.69,129921.93,125721.85,135082.77,117920,155442.51,137526.78,100665.33,109374.51,109839.3,110005.12,104614.92,87338.34,94767.41,80995.69,86469.52,127632.84,128236.9,130000,188069.61,73901.05,105087.47,105344.25,44466.28,37202.33,35623.74,34031.73,45468.69,139371.68,124188.98,124560.43,167578.49,107820.44,108373.05,106057.22
Building 96,0,0,0,0,0,0,0,0,0,0,0,0,0,0,0,0,0,0,0,0,0,0,0,0,0,0,0,0,15000,15000,18452,19715,16454,21525,25580,32412,41000,0,0,0,45000,55000,58634,51654,42658,7338.88,14195.95,49905.56,88366,76811.78,58880.26,43592.1,48582.23,52370.9,57406.63,49496.88,47367.99,48827.19,44417.87,55670.85,88117.96,79501.36,65277.57,45571.89,44244.31,49354.85,52367.49,48124.09,53022.86,50304.6,45960.96,80429.65
Building 97,19444.81,15307.59,13979.02,10062.32,11278.86,11215.93,13317.75,12225.65,9791.41,10852.44,11931.35,20817.39,30714.98,24906.34,16594.52,8816.61,11611.92,11938.81,14105.65,12247.49,11362.32,10750.57,15192.23,25148.74,30514,24184.55,24138.63,15107.68,12122.66,11516.89,12390.02,10308.67,8701.66,8473.59,9557.86,16936.42,26977.95,13032.96,12095.34,9225.33,11052.25,10688.33,10877.65,9227.42,8196.37,9548.97,17076.85,22827.82,24642.74,19536.57,18696.82,16795.89,11285.27,10269.22,10776.67,9411.7,9467.96,8119.66,10293.49,21906.05,25474.2,19537.48,11889.74,5635.21,6711.04,8263.57,8239.51,8476.76,8429.97,7922.34,7942.44,8443.58
Building 98,34351.09,32726.75,24133.26,20099.44,24896.02,24297.41,22428.96,23037.38,22186.36,21913.38,23204.93,25886.22,29880.61,27241.92,32056.46,25472.84,25479.67,24713.81,22576.49,23650.49,22081.94,20948.38,24367.7,31367.45,34799.41,30093.98,25684.8,20808.26,25763.78,26303.3,23734.04,21252.11,21815.71,22454.8,15094.67,33778.37,36255.46,24042.46,25814.56,24371.02,28981.77,23974.49,24057.92,22973.71,20324.62,23424.74,23856.38,19576.38,30655.4,25172.49,27167.12,22821.21,24424.67,23721.99,25919.2,20434.93,21682.98,20207.5,21326.81,27686.66,30203.09,25086.45,18213.55,9498.67,18985.92,16421.05,22055.64,12127.05,24757.73,19783.39,18511.29,19766.46
Building 67,192449.89,179849.67,223332.78,221008.93,406539.58,452258.33,495923.4,520979.85,433458.79,337391.2,210695.34,379109.12,266877,154062,209017,218330.89,364969.1,382985.62,764086.9,611074,420207.48,257038.47,243986.89,199828.55,211314.09,93596.9,181722.93,236696.02,398786.01,423998,678736.85,627811,402492.16,278709.53,257469.16,201495.53,182130.87,168072.87,217206.79,192297.22,334044,402363.66,465695.33,450823.73,388632.81,274205.79,211213.41,126473.6,134829.5,119714.05,204258.3,117588.44,325642.89,437608.48,452263,444373.82,409361.52,321923.31,247917.18,146410.42,153983.93,135112.68,133567.92,88900.56,240147.56,328506.89,452443.3,584191.3,437158.34,388870.71,197722.52,175876.78
Fuel Oil System,456.77,406.91,439.28,7.35,0,0,0,0,0,0.02,69.25,1353.44,10007.39,8872.31,1097.6,1381.88,172.09,168.84,172.09,172.55,165.37,169.85,1123.24,9622.95,8312.52,7873.92,8662.38,1716.2,256.99,231.86,357.48,162.28,101.04,0,3679.7,10426.46,10728.22,9594.89,6235.68,0,0,0,0,0,0,370.4,702.46,8742.09,9823.17,6983.89,7932.33,2946.47,0,0,419.76,0,0,58.61,0,0,0,0,0,0,0,0,0,0,0,0,0,0
1200 Ton Refrigerator ,153564.17,164720.23,37946.1,0.05,156902.66,137719.48,103053.11,134939.98,156993.19,44902.8,171521.48,124585.49,109151.89,111480.3,115508.38,227078.99,212583.81,294064.52,212583.81,312132.11,253011.01,123914.9,198634.69,86889.57,88181.33,75212,130351.02,171419.33,177834.85,208885.62,38821.07,41150.34,70089.46,138525.79,165233.73,244042.98,236172.1,258068,263083.07,225312.26,88151.26,105688.67,43526.14,35567.94,27391.71,107308.38,17033.02,1265.22,15126.14,132.35,489.47,242.24,0.38,0.06,49652.06,33134.69,39653.38,14787.9,0,0.13,0,0,0,38228.83,72379.87,40362.37,25935.23,14.66,31258.62,8953.79,402174.59,280680.54
1500 Ton Refrigerator ,168484.75,141582.03,233287.94,238783.47,329254.79,231588.55,487734.9,572826.46,467944.86,252067.84,275686.32,71574,215.58,595.38,432.66,684.66,572.03,7449.92,572.03,8030.38,20787.95,6455.52,71537.34,67958.82,73041.52,11580.64,116183.28,102407.15,58709.09,53591.09,374567.46,360248.45,223899.98,256228.26,35626.96,715.58,487.12,12426.98,2726.27,61729.71,102210.02,221410,260329.81,401431.81,177062.82,117382.38,280305.81,371128.75,300908.1,334677.26,398598.64,388276.77,213410.98,253400.13,444557.92,488808.37,387120.28,230286.07,285725.33,452687.88,383507.34,390452.85,39386.4,313293.36,277019.99,213181.23,295923.34,120171.92,21772.92,26486.28,61566.61,11509.44
2000 Ton Refrigerator ,1246.7,39082.57,379526.09,205166.78,371906.82,579998.7,664986.69,777882.56,594080.93,643732.74,96171.07,140536.14,156357.18,194986.66,220563.47,278969.34,484561.63,637265.6,484561.63,788457.47,666459.46,392493.94,147131.43,144572.05,158407.51,208162.13,153754.62,185682.53,231247.83,90435.86,28003.94,373254.09,206356.27,18362.95,89617.54,41157.44,540.64,957.18,87305.58,84695.09,287825.47,560294.1,357041.9,165757.95,108960.72,70310.99,132229.42,13936.83,2081.47,2711.2,81216.59,423.68,128381.65,234452.03,448.32,481.86,458.05,386.69,259803.04,345.47,388.64,1218.94,358684.29,374.75,508.8,1004.16,37409.54,102495.78,65819.39,1982.34,596.1,2435.14
2000 Ton Refrigerator New,0,0,0,0,0,0,0,0,0,0,0,0,0,0,0,0,0,0,0,0,0,0,0,0,0,0,0,0,223743.56,671366.49,761109.82,726916.64,561555.82,249547.82,76256.61,3485.98,33.12,43.63,5128.7,9414.5,325231.04,120998.6,586694.7,599612.38,314037.73,499987.73,50922.6,133.53,728.91,410.44,32.91,36755.15,368469.62,517293.71,761487.8,784236.68,715463.41,542191.74,520.45,179.92,22.64,5184.02,424.13,2935.28,292814.23,534012.44,658874.23,628532.69,709981.45,639490.05,88247.57,3820.36
300 Ton Refrigerator ,0.09,0.08,14.8,0.09,16.89,0,602.49,12.98,922.91,0.14,1.62,29.95,0.11,0.12,0.13,7233,15674.27,47355.9,15674.27,69046.58,1013.23,0,2166.81,0.04,13.24,112.36,0.11,4535.85,4.96,0.07,177.31,6.81,0.09,174.63,636.61,0,0.05,0,246.53,0.08,105.65,4.41,0.03,0,0,0,0,0,0,0,0,0,0,0,0,0,0,0,0,0,0,0,18426.78,0,0,0,0,0,0,0,0,0
Essential Field,0,0,0,0,0,0,0,0,0,0,0,0,0,0,0,0,121768,136864,220694,146514,84094,117266,136843,113791,0,0,0,0,111216,110020,120178,100568,88474,35011.25,90435,99096,0,0,0,82511.18,74976.19,76692.95,80499.03,45868.25,128438.21,0,88635,0,0,0,0,0,0,85354,0,43564.25,0,0,0,0,0,0,0,0,0,0,0,0,0,0,0,0
