January-15,January-16,February-15,February-16,March-15,March-16,April-15,April-16,May-15,May-16,June-15,June-16,July-15,July-16,August-15,August-16,September-15,September-16,October-15,October-16,November-15,November-16,December-15,December-16,January-16,January-17,February-16,February-17,March-16,March-17,April-16,April-17,May-16,May-17,June-16,June-17,July-16,July-17,August-16,August-17,September-16,September-17,October-16,October-17,November-16,November-17,December-16,December-17,January-17,January-18,February-17,February-18,March-17,March-18,April-17,April-18,May-17,May-18,June-17,June-18,July-17,July-18,August-17,August-18,September-17,September-18,October-17,October-18,November-17,November-18,December-17,December-18,January-18,January-19,February-18,February-19,March-18,March-19,April-18,April-19,May-18,May-19,June-18,June-19,July-18,July-19,August-18,August-19,September-18,September-19,October-18,October-19,November-18,November-19,December-18,December-19,January-19,January-20,February-19,February-20,March-19,March-20,April-19,April-20,May-19,May-20,June-19,June-20,July-19,July-20,August-19,August-20,September-19,September-20,October-19,October-20,November-19,November-20,December-19,December-20
,,,,,,,,,,,,,,,,,,,,,,,,,,,,,,,11.6,,2356,,3538.08,,5978.02,,4054.04,,4655.69,,1162.79,,658.44,,1027.84,,301.44,,311.2,,518.14,11.6,557.35,2356,2491.86,3538.08,,5978.02,6441.75,4054.04,16804.92,4655.69,8129.46,1162.79,8294.29,658.44,2071.95,1027.84,361.74,301.44,11.87,311.2,7.65,518.14,442.09,557.35,485.36,2491.86,9104.44,15362,16056.34,6441.75,17271.46,16804.92,16245.66,8129.46,14082.88,8294.29,4400.43,2071.95,3692.45,361.74,445.29,11.87,0,7.65,0,442.09,7.52,485.36,0,9104.44,4153.95,16056.34,5533.67,17271.46,11769.88,16245.66,14923.21,14082.88,15396.98,4400.43,3187.63,3692.45,0,445.29,0
16720,13853,14785,16958,9275,9010.86,24295,25801,18003,20263.22,29790,34374.72,40066,34112.5,68138,43115.55,43931,43931,47826,12425.39,8403,8877.17,,5305.39,13853.4,14940.82,16958.2,12199.89,9010.86,4747.39,25801,27753.82,20263.22,19134.24,34374.72,36859.79,34112.5,42470.3,43115.55,78038.38,43931,40987.25,12425.39,18928.77,8403,9684.47,5305.39,12122.27,14940.82,12115.62,12199.89,12982.32,4747.39,4849.63,27753.82,20352.47,19134.24,28692.18,36859.79,39397.98,42470.3,52433.61,78038.38,42520.09,40987.25,31679.13,18928.77,23431.88,9684.47,13206.82,12122.27,8772.15,12115.62,8054.91,12982.32,9440.35,4849.63,17866.08,20352.47,15067.07,28692.18,34277.21,39397.98,51634.47,52433.61,53206.34,42520.09,55490.15,31679.13,42076.18,23431.88,22051.46,13206.82,12394.99,8772.15,8968.23,8054.91,5085.47,9440.35,7813.15,17866.08,14572.44,15067.07,1864.17,34277.21,12767.93,51634.47,14332.92,53206.34,38730.47,55490.15,42327.56,42076.18,39572.27,22051.46,24725.83,12394.99,7281.95,8968.23,3306.41
157,143,632,499,252,179.86,713,1125.03,4060,3383.9,5804,6256.6,7155,9548,7597,4226.11,5117,5117,3796,3969.08,2613.47,2311.35,,40.31,142.85,95.64,0,0,179.86,670.95,1125.03,1739.77,3383.9,3334.61,6256.6,6071.78,9548,6220.76,64226.11,68246.55,5117,6252.19,3969.08,1651.1,2613.47,3183.94,40.31,3.91,95.64,18.65,0,0,670.95,1428.26,1739.77,1531.19,3334.61,6097.84,6071.78,5911.9,6220.76,7622.27,68246.55,7240.44,6252.19,6656.1,1651.1,1964,3183.94,5.7,3.91,21.19,18.65,68.77,0,31.2,1428.26,1348.16,1531.19,1389.03,6097.84,4234.38,5911.9,6023,7622.27,8034.25,7240.44,6639.62,6656.1,7949,1964,1823.16,5.7,1013.62,21.19,95.1,68.77,0,31.2,151.16,1348.16,461.13,1389.03,36.2,4234.38,1622.28,6023,1759.36,8034.25,10858.7,6639.62,5337.05,7949,3839.03,1823.16,2502.27,1013.62,302.73,95.1,0.81
2280,2561,1895,1850,1919,1518.25,3503,2184.31,9535,5897.46,7741,8275.75,8167,8297.39,9982,8508.88,8920,8920,6108,3643.61,2281,2316,,0.11,2560.56,2323.88,1849.63,1137.52,1518.25,979.1,2184.31,4139.22,5897.46,5067.18,8275.75,8943.1,8297.39,14075.44,38508.88,36063.26,8920,7239.43,3643.61,4412.15,2281,3135.38,0.11,2999.68,2323.88,1428.88,1137.52,1528.21,979.1,2956.39,4139.22,4703.97,5067.18,10295.47,8943.1,11849.82,14075.44,14549.1,36063.26,15576.62,7239.43,10099.32,4412.15,8111.26,3135.38,3431.06,2999.68,1610.84,1428.88,1768.83,1528.21,1380.53,2956.39,1878.87,4703.97,4746.85,10295.47,7471.84,11849.82,13247.51,14549.1,15114.22,15576.62,14663,10099.32,10533.47,8111.26,6965.43,3431.06,3044.55,1610.84,2140.07,1768.83,0,1380.53,76.46,1878.87,398.7,4746.85,289.8,7471.84,3176.67,13247.51,4057.2,15114.22,10178.61,14663,11608.37,10533.47,8860.45,6965.43,4707.6,3044.55,1675.9,2140.07,217.43
10014,12314,4375,7286,11871,12172.14,20846,26635.01,38559,42157.79,58180,69713.77,74610,85676.66,77724,63618.68,61479,61479,51853,23618.75,23238,19532.56,,9316.39,12313.68,12419.78,7286.12,6546.53,12172.14,17354.6,26635.01,25304.84,42157.79,34616.6,69713.77,59227.82,85676.66,90027.5,63618.68,82318.4,61479,64261.15,23618.75,31033.8,23238,15949.85,9316.39,10137.72,12419.78,5486.01,6546.53,8105.72,17354.6,15864.18,25304.84,23433.15,34616.6,47104.84,59227.82,64452.68,90027.5,83038.97,82318.4,58698.3,64261.15,39720.45,31033.8,39756.29,15949.85,20244.25,10137.72,12149.71,5486.01,5346.25,8105.72,7291.53,15864.18,13087.42,23433.15,17027.12,47104.84,35312.05,64452.68,58029.68,83038.97,74028.7,58698.3,45078.26,39720.45,47690.51,39756.29,23892.43,20244.25,19107.69,12149.71,14483.54,5346.25,4643.44,7291.53,6654.66,13087.42,7575.11,17027.12,278.62,35312.05,14795.3,58029.68,18776.77,74028.7,53864.2,45078.26,52700.44,47690.51,45179.93,23892.43,22713.73,19107.69,6834.51,14483.54,179.09
,,,,,,,,,,,,,,,,,,,,,,,,,,,,,,,,,,,2662.69,,3884.99,,3140.69,,2535.81,,1877.92,,421.16,,14298,,152.4,,262,,549.06,,309.51,,2253.78,2662.69,4327.6,3884.99,5809.71,3140.69,6194.11,2535.81,4920.52,1877.92,4713.81,421.16,2829.73,14298,10010.63,152.4,10.32,262,0,549.06,534.07,309.51,109.39,2253.78,1545.83,4327.6,3218.46,5809.71,3338.37,6194.11,4951.81,4920.52,4578.34,4713.81,3193.68,2829.73,3182.75,10010.63,11952.81,10.32,0,0,0,534.07,1226.4,109.39,0,1545.83,633.98,3218.46,788.76,3338.37,1789.87,4951.81,2126.54,4578.34,1991.3,3193.68,880.1,3182.75,0,11952.81,0
13038,9296,21687,14739,13550,8990.91,11278,14295.84,11719,20224.42,19373,50000,33311,40000,37895,30000,28556,28556,17050,15000,7046,7000,,10265,9295.66,10300,14738.63,15000,8990.91,7469.1,14295.84,16365.18,20224.42,16393.96,50000,43913.03,40000,40605.41,30000,32263.94,28556,29861.34,25000,33220.74,7046,10581.44,10265,14298.33,10300,11070.83,15000,14492.05,7469.1,10450.01,16365.18,15098.1,16393.96,6365.4,43913.03,38443.95,40605.41,32193.43,32263.94,13694.22,29861.34,29921.59,33220.74,44886.78,10581.44,10719.23,14298.33,13114.77,11070.83,12410.15,14492.05,13975.46,10450.01,11656.95,15098.1,15908.91,6365.4,4926.48,38443.95,19012.9,32193.43,51280.24,13694.22,10901.23,29921.59,37893.99,44886.78,45377.56,10719.23,10068.87,13114.77,14718.73,12410.15,13397.59,13975.46,11055.82,11656.95,8025.13,15908.91,531.89,4926.48,12095.96,19012.9,12694.59,51280.24,46791.63,10901.23,37332.01,37893.99,38407.48,45377.56,22581.44,10068.87,12393.41,14718.73,528.39
0,0,5177,4784,1003,995.66,13010,14052.78,9001,11830.87,14175,30000,19877,20946.22,19611,20000,12614,12614,286,9000,0,0,,752.4,0,0,0,0,995.66,0,14052.78,11368,11830.87,11086.33,30000,27160,20946.22,23956.65,20000,25037.23,12614,27988.89,9000,11629.32,0,3415.69,752.4,0,0,0,0,0,0,78.56,11368,10664.88,11086.33,10728.53,27160,24029.78,23956.65,22525.03,25037.23,24183.19,27988.89,25296.89,11629.32,17037.06,3415.69,3388.15,0,0,0,0,0,0,78.56,274.23,10664.88,9490.58,10728.53,8408.33,24029.78,15580.72,22525.03,13700.05,24183.19,15026.3,25296.89,16141.94,17037.06,16449.22,3388.15,5722.54,0,870.86,0,0,0,0,274.23,0,9490.58,0,8408.33,0,15580.72,0,13700.05,2411.1,15026.3,0,16141.94,0,16449.22,11666.67,5722.54,0,870.86,0
0,0,2003,2152,13472,15260.51,37258,23349,42889,35178.1,3250,20000,44888,40000,4306,4708.79,12900,12900,,8345.58,0,0,,1683.58,0,0,0,0,15260.51,688.29,23349,22235.55,35178.1,36713,20000,16006.3,40000,34150.43,24708.79,21085.63,12900,16484.47,8345.58,6390.16,0,45,1683.58,0,0,333.85,0,0,688.29,2456.65,22235.55,20233,36713,2004.72,16006.3,13041.76,34150.43,25561.94,21085.63,6919.92,16484.47,15781.55,6390.16,8642.15,45,86.87,0,0,333.85,58.87,0,0,2456.65,53.46,2233,1874.51,2004.72,1423.03,13041.76,13380.29,25561.94,4958.75,6919.92,3120.43,15781.55,17739.88,8642.15,7953.2,86.87,229.13,0,0,58.87,0,0,0,53.46,0,1874.51,0,1423.03,1103.5,13380.29,1492.32,4958.75,6822.08,3120.43,5336.43,17739.88,3950.2,7953.2,4211.82,229.13,3203.83,0,0
2224,1271,374,126,1916,944.4,15576,13639.53,22337,35763.09,61837,63135.38,56526,56908.79,44284,50000,38347,38347,33499,29902.42,18444,22962.09,,7065.55,1271,1060.09,126,273.95,944,1004.44,13640,12013.87,35763.09,54079.1,63135.38,60960.52,56908.79,66610.09,50000,55484.84,38347,44473.36,29902.42,30345.2,18444,13166.16,7065.55,12166.8,1060.09,2654.19,273.95,2262.04,31004.44,30895.81,12013.87,19712.97,54079.1,25595.11,60960.52,64716.32,66610.09,53338.57,55484.84,65719.48,44473.36,79782.23,30345.2,40296.28,13166.16,25041.2,12166.8,6467.28,2654.19,2443.42,2262.04,2342.77,30895.81,30923.64,19712.97,18016.06,25595.11,25749.05,64716.32,40725.87,53338.57,71762.67,65719.48,65406.34,79782.23,44602.74,40296.28,36854.35,25041.2,23666.02,6467.28,6466.75,2443.42,1264.89,2342.77,1506.07,30923.64,33631.13,18016.06,6750.77,25749.05,18768.87,40725.87,21472.93,71762.67,64645.18,65406.34,59841.29,44602.74,59165.14,36854.35,53007.79,23666.02,31998.13,6466.75,1390.68
16293,12725,5826,8040,6390,5673.45,13193,12629.14,17198,21087.95,24658,33285.45,31641,41964.93,36834,32763.04,21434,21434,17352,12162.47,10285,8830.59,,6585.2,12725,12951.99,8040,8247.04,5673,3976.13,12629,16053.56,21087.95,18778.51,33285.45,34647.37,41964.93,44826.6,32763.04,26489.28,21434,18407.44,12162.47,12492.77,10285,6895.49,6585.2,4880.47,12951.99,4233.3,8247.04,6217.76,3976.13,5524.04,16053.56,15029.3,18778.51,23496.06,34647.37,28684.19,44826.6,33302.33,26489.28,26736.57,18407.44,15044.35,12492.77,12671.78,6895.49,6356.68,4880.47,7543.66,4233.3,2688.38,6217.76,5626.84,5524.04,3981.69,15029.3,14495.06,23496.06,16065.7,28684.19,28198.79,33302.33,33055.94,26736.57,25675.18,15044.35,23379.12,12671.78,13293.19,6356.68,8905.53,7543.66,8365.71,2688.38,9435.72,5626.84,9700.42,3981.69,1316.06,14495.06,194.35,16065.7,6089.85,28198.79,7901.21,33055.94,19257.88,25675.18,20610.13,23379.12,17119.2,13293.19,9349.33,8905.53,2700.21,8365.71,47.57
,5182,,8057,,9497.1,,18056.58,26663,29454.14,51167,47837.61,39123,51582.56,64505,55245.41,46132,46132,41461,25718.11,17356,20663.75,,18419.84,5182,8660.93,8057,7875.52,9497,14558.57,18057,12281.34,29454.14,25752.53,47837.61,44888.87,51582.56,59589.83,55245.41,54713.39,46132,39648.52,25718.11,35118,17356,12799.26,18419.84,12643.1,8660.93,9265.75,7875.52,10215.82,14558.57,17156.76,12281.34,14288.38,25752.53,29796.18,44888.87,39349.57,59589.83,40874.67,54713.39,35725.91,39648.52,22874.36,35118,43375.88,12799.26,15399.41,12643.1,5756.1,9265.75,8230.94,10215.82,8349.34,17156.76,16481.91,14288.38,16548.83,29796.18,24237.42,39349.57,37179.38,40874.67,45365.75,35725.91,38577.77,22874.36,32620.07,43375.88,23544.4,15399.41,13455.12,5756.1,5284.05,8230.94,4205.84,8349.34,4328.36,16481.91,13034.59,16548.83,1009.43,24237.42,9876.73,37179.38,10801.52,45365.75,25476.18,38577.77,28062.96,32620.07,20261.76,23544.4,10770.24,13455.12,5879.35,5284.05,0
8373,4512,9360,16273,20181,23038.6,17519,29825.58,32948,44796.61,47423,59463.09,68187,65087.15,73237,91932.11,58287,58287,42371,33755.83,20840,23056.23,,8479.29,4512,9032.76,16273,13311.79,23039,14375.5,29826,24357.35,44796.61,42802.62,59463.09,44820.74,65087.15,64694.1,91932.11,83994.19,58287,68055.96,33755.83,171.43,20840,20197.67,8479.29,6357,9032.76,6788,13311.79,11636,14375.5,17361.41,24357.35,17772,42802.62,33477.46,44820.74,39668.89,64694.1,48476.15,83994.19,74133.28,68055.96,61144.38,171.43,16674.72,20197.67,19335.29,6357,6233.19,6788,6992.78,11636,10531.94,17361.41,16235.8,17772,16235.95,33477.46,32891.05,39668.89,38858.32,48476.15,47935.58,74133.28,76917.55,61144.38,66748.79,16674.72,18401.19,19335.29,14176.36,6233.19,7696.49,6992.78,6806.45,10531.94,7662.03,16235.8,8914.5,16235.95,4906.5,32891.05,11116.55,38858.32,11884.86,47935.58,29627.29,76917.55,35095.45,66748.79,54755.42,18401.19,22008.96,14176.36,11251.66,7696.49,3358.53
3262,2666,2275,2478,3769,1984.4,3327,5432.02,11682,10357.17,14241,17347.98,15819,20439.35,19874,17061.29,14982,14982,6086,6070.46,4422,4975.98,,5134.96,2666,1544.28,2478,1687.98,1984,3437.41,5432,4634.38,10357.17,10306.28,17347.98,18114.03,20439.35,30235.25,17061.29,19518.4,14982,24411.51,6070.46,10330.04,4422,3511.53,5134.96,3730.65,1544.28,3255.28,1687.98,2516.77,3437.41,3528.1,4634.38,7019.17,10306.28,17071.96,18114.03,19313.9,30235.25,21346.15,19518.4,27883.83,24411.51,25624.95,10330.04,14045.35,3511.53,4103.17,3730.65,2139.08,3255.28,2638.2,2516.77,1852.25,3528.1,2726.71,7019.17,4196.37,17071.96,11800.64,19313.9,16559.48,21346.15,25509.88,27883.83,23049.59,25624.95,24248.53,14045.35,10713.95,4103.17,3908.66,2139.08,1526.05,2638.2,1510.39,1852.25,1828.41,2726.71,2732.63,4196.37,2641.12,11800.64,5882.96,16559.48,6795.17,25509.88,16459.64,23049.59,16608.15,24248.53,18764.3,10713.95,13813.07,3908.66,4352.35,1526.05,891.27
19263,13622,18846,15264,20009,16016.89,28149,32309.86,42365,44894.21,51771,69024.49,77589,85014.57,93735,87996.73,94508,94508,69977,43116.54,25217,30089.45,,19346.14,13622,10146.44,15264,15410.44,16017,20222.41,32310,35107.76,44894.21,34164,69024.49,71250.94,85014.57,104820.3,87996.73,103034,94508,96951.83,43116.54,45054.4,25217,16980.04,12346.14,15886.84,10146.44,13561.43,15410.44,21197.14,20222.41,21448.13,35107.76,30241.8,34164,43688.77,71250.94,53000.27,104820.3,74012.97,103034,80775.44,96951.83,72164.38,45054.4,43869.77,16980.04,20315.26,15886.84,16955.59,13561.43,13344.36,21197.14,15515.68,21448.13,17986.93,30241.8,27686.11,43688.77,43605.4,53000.27,63777.88,74012.97,84409.68,80775.44,94621.81,72164.38,62259.22,43869.77,52483.93,20315.26,23332.37,16955.59,12482.42,13344.36,12058.25,15515.68,15263.36,17986.93,16109.91,27686.11,15281.89,43605.4,29123.16,63777.88,60152.12,84409.68,84351.63,94621.81,91593.88,62259.22,65091.14,52483.93,67733.34,23332.37,21850.18,12482.42,11637.08
13245,11005,10879,8592,16721,11467.96,12315,18676.92,28509,27034.13,35444,44142.17,50568,49115.07,57857,54277.05,53844,53844,35676,30851.27,17449,14011.8,,15782.41,11005,11107.9,8592,5115.49,11468,16407.6,18677,21068.81,27034.13,25944,44142.17,45895.51,49115.07,56866.54,54277.05,52668.04,53844,61363.34,30851.27,31894.2,17449,16811.1,15782.41,16479.2,11107.9,13192.71,5115.49,7352.5,16407.6,15228.61,21068.81,23290.23,25944,30234.39,45895.51,39088.66,56866.54,52277.27,52668.04,53053.01,61363.34,44438.91,31894.2,28715.06,16811.1,11411.35,16479.2,11566.04,13192.71,14576.35,7352.5,15893.45,15228.61,17545.31,23290.23,22852.75,30234.39,24610.74,39088.66,37853.35,52277.27,55846.2,53053.01,52448.38,44438.91,35451.56,28715.06,32005.86,11411.35,19217.94,11566.04,15698.62,14576.35,12425.24,15893.45,12480.66,17545.31,17871.6,22852.75,17126.84,24610.74,17220.97,37853.35,17977.4,55846.2,49781.28,52448.38,53643.89,55451.56,54147.32,32005.86,38660.89,19217.94,15965.59,15698.62,5716.21
,24190,,38090,,35288.69,25619,54842.23,48965,56482.91,52684,76113.8,67335,85952.65,118854,102286.7,100319,100319,79360,68262.84,30584,28588.9,,42233.36,24190,18154.9,38090,30627.96,35289,33805.17,54842,53797.82,56482.91,52066.3,76113.8,82713.83,85952.65,112019,102286.7,105844.7,100319,96069.44,68262.84,65397.7,30584,28980.85,12233.36,17533.21,18154.9,24266.88,30627.96,23644.1,33805.17,30297.43,53797.82,49865.33,52066.3,56123.2,82713.83,66148.89,112019,75909.94,105844.7,81028.66,96069.44,63171.88,65397.7,62896.02,28980.85,23912.53,17533.21,27543.21,24266.88,22711.46,23644.1,21151.4,30297.43,26672.56,49865.33,49028.09,56123.2,51713.69,66148.89,68311.79,75909.94,83890.88,81028.66,86400.67,63171.88,61771.6,62896.02,49460.9,23912.53,30287.79,27543.21,30041.89,22711.46,22927.89,21151.4,23460.1,26672.56,24510.44,49028.09,19951.09,51713.69,17289.13,68311.79,63437.39,83890.88,85030.93,86400.67,72021.3,61771.6,56073.8,49460.9,48653,30287.79,23888.14,30041.89,24864.74
,,,,,,,,,,,,,,,,,,,,,,,,,,,,,,,,,40000,,84264.14,,89928.23,,77227.63,,58759.25,,29777.9,,14197.08,,23008.81,,19006.74,,28670.39,,17763.88,,16276.96,40000,39452.3,84264.14,54307.11,89928.23,69604.2,77227.63,76820.04,58759.25,57291.57,29777.9,47937.63,14197.08,16215.29,23008.81,17563.78,19006.74,21458.33,28670.39,20142.24,17763.88,14079.03,16276.96,12304.85,39452.3,30524.32,54307.11,51945.28,69604.2,67158.41,76820.04,66912.86,57291.57,66825.39,47937.63,44229.9,16215.29,18303.91,17563.78,16783.63,21458.33,12872.64,20142.24,12888.03,18079.03,15174.83,16304.85,10872.2,30524.32,19079.94,51945.28,40514.33,67158.41,58012.22,66912.86,59997.86,66825.39,57865.03,44229.9,39851.13,18303.91,16408.74,16783.63,5022.52
11307,10695,14557,10994,8390,11416.38,10733,11693.27,11254,12824.69,12241,13975.63,13799,14337.26,13960,12968.92,13504,13504,12590,7171.95,11734,10452.09,,5667.73,10695,6414.75,10994,9165.3,11416,9970.87,11693,12486.99,12824.69,9111.95,13975.63,12770.66,14337.26,13440.46,12968.92,10952.5,13504,13177.37,7171.95,16242.9,11734,11189.95,5667.73,6994.09,6414.75,11227.27,9165.3,10193.27,9970.87,11157.29,12486.99,10633.6,9111.95,11290.95,12770.66,12337,13440.46,12319.67,10952.5,13015.48,13177.37,11415.85,16242.9,19718.18,11189.95,10566.01,6994.09,10516.76,11227.27,9674.05,10193.27,8596.47,11157.29,10201.52,10633.6,9401.38,11290.95,10958.9,12337,11656.88,12319.67,12517.05,13015.48,12978.91,11415.85,10841.52,19718.18,12264.73,10566.01,11279.26,10516.76,11147.85,9674.05,12270.68,8596.47,10308.18,10201.52,11752.25,9401.38,13202.62,10958.9,5155.6,11656.88,4996.1,12517.05,14855.16,12978.91,15003.71,10841.52,12951.93,12264.73,14634.34,11279.26,11242.15,11147.85,4276.17
2003,5352,1148,608,1100,749.68,32116,32091.32,48725,41069.93,19481,20521.46,106720,100708.8,55250,58757.19,57732,57732,19395,17566,20104,22632.28,,5475.43,5352,4512.79,608,2519.94,9750,8712.87,32091,27078.89,41069.93,40829.71,70521.46,71851.66,100708.8,81672.25,58757.19,59905.05,57732,69246.81,17566,15627.13,20104,18814.07,5475.43,6821.31,4512.79,401.96,2519.94,2664.76,8712.87,6876.83,27078.89,26664.53,40829.71,36564.89,71851.66,70544.5,81672.25,53494.39,59905.05,75409.03,69246.81,73360.66,15627.13,19390.39,18814.07,18017.79,6821.31,587.28,401.96,318.84,2664.76,2826.81,6876.83,9173.16,26664.53,20444.58,36564.89,35491.13,70544.5,56873.89,53494.39,68639.25,75409.03,72721.98,73360.66,54925.55,19390.39,38593.11,18017.79,21735.74,11587.28,12827.23,318.84,7494.79,2826.81,7867.79,9173.16,12582.55,20444.58,19581.13,35491.13,15893.44,56873.89,16059.39,68639.25,38238.62,72721.98,46461.17,54925.55,41586.05,38593.11,24719.62,21735.74,8456.1,12827.23,3407.25
13255,14509,19756,19444,18378,19014.77,33662,34474.2,30409,38391.04,51883,56521.01,61035,65106.9,82019,67099.65,64933,64933,48763,40432.7,21524,25773.45,,17635.73,14509,12517.11,19444,16549.81,19015,21569.67,34474,33908.35,38391.04,27923.72,56521.01,59105.31,65106.9,63648.58,67099.65,77744.91,64933,61315.71,40432.7,37064.7,21524,19934.17,17635.73,17324.3,12517.11,13663.6,16549.81,15805.08,21569.67,21106.56,33908.35,25154.78,27923.72,36655.73,59105.31,57588.77,63648.58,66188.62,77744.91,77750.85,61315.71,59442.5,37064.7,41919.88,19934.17,21556.31,17324.3,22093.56,13663.6,15001.85,15805.08,16804.34,21106.56,30802.3,25154.78,23228.23,36655.73,35716.12,57588.77,62537.55,66188.62,79950.24,77750.85,94280.98,59442.5,61331.68,41919.88,56206.82,21556.31,31865.05,22093.56,33303.68,15001.85,23185.22,16804.34,24354.65,30802.3,32452,23228.23,129.19,35716.12,31417.03,62537.55,32025.29,79950.24,6562.92,94280.98,92980.79,61331.68,76837.41,56206.82,78583.19,31865.05,33190.88,33303.68,7305.26
12977,12163,11716,8695,12593,17286.89,22906,17257.75,26512,34602.59,57928,51676.41,67826,61440.45,61735,62367.66,48185,48185,26185,24133.9,12664,14374.47,,10877.34,12163,14037.81,8695,5551.72,17287,24860.56,17258,16356.21,34602.59,26050.14,51676.41,53705.49,61440.45,73633.08,62367.66,75276.33,48185,60302.13,24133.9,30312.04,12664,11498.1,10877.34,15054.77,14037.81,25480.34,5551.72,6954.71,24860.56,15687.14,16356.21,14410.7,26050.14,36582.89,53705.49,47713.02,73633.08,67880.7,75276.33,69770.66,60302.13,45036.45,30312.04,40176.94,11498.1,11644.83,15054.77,10897.46,25480.34,22615.85,6954.71,13006.36,15687.14,16047.78,14410.7,11100.24,36582.89,32701.97,47713.02,53122.43,67880.7,67729.63,69770.66,60360.63,45036.45,55655.82,40176.94,39480.97,11644.83,17020.2,10897.46,19299.06,22615.85,0,13006.36,6832.4,16047.78,7566,11100.24,0,32701.97,18729.07,53122.43,22965.54,67729.63,66048.82,60360.63,63302.63,55655.82,66507.3,39480.97,47829.07,17020.2,14743.56,19299.06,2856.68
16939,13164,9720,14030,19667,17454.12,18354,39246.94,46519,56789.36,71135,79138.39,89979,103003,116821,100372.1,113268,113268,68231,47042.98,35774,35195.58,,14748.01,13164,8741.93,14030,13504.08,17454,12099.17,39247,35238.15,56789.36,37891.77,79138.39,70791.64,103003,94630.98,100372.1,84534.47,113268,121617.84,47042.98,44888,35774,33230.11,14748.01,15555.38,8741.93,8596.89,13504.08,12508.45,12099.17,12902.88,35238.15,33600.16,37891.77,48134.87,70791.64,63980.5,94630.98,82202.54,84534.47,83546.64,121617.84,68585.19,44888,60434.59,33230.11,30311.23,15555.38,13680.57,8596.89,6263.08,12508.45,5633.13,12902.88,7668.67,33600.16,35213.49,48134.87,44619.88,63980.5,74394.64,82202.54,86028.73,83546.64,78043.37,68585.19,60537.9,60434.59,47053.36,30311.23,27332.17,13680.57,10669.27,6263.08,9079.04,5633.13,8633.13,7668.67,9869.14,35213.49,13138.45,44619.88,24838.75,74394.64,25109.77,86028.73,61343.51,78043.37,75632.28,60537.9,61032.17,47053.36,59504.67,27332.17,20661.3,10669.27,3158.94
0,0,0,0,0,0.03,10744,8447.65,11977,14349.04,17367,26524.19,24353,31607.06,36764,31501.16,27119,27119,16824,12937.17,9567,8814.47,,0,2,2,0,0,0,0,8448,9353.98,14349.04,9351.18,26524.19,20297.89,31607.06,32813.91,31501.16,38865.7,27119,36115.39,12937.17,11516.12,9567,7913.22,0,0,2,0.05,0,0,0,1479.41,9353.98,8669.1,9351.18,13338.95,20297.89,17653.67,32813.91,24001.14,38865.7,32304.05,36115.39,20348.33,11516.12,14307.08,7913.22,5386.96,0,0,0.05,0,0,0,1479.41,0,8669.1,9706.36,13338.95,13239.03,17653.67,23884.78,24001.14,32418.88,32304.05,30437.86,20348.33,22454.16,14307.08,11996.14,5386.96,5790.49,0,295.17,0,0,0,0.72,0,0.06,9706.36,37.7,13239.03,9796.02,23884.78,10294.08,32418.88,24574.87,30437.86,30614.87,22454.16,24139.18,11996.14,21367.99,5790.49,6788.21,295.17,0
9185,2764,5781,4413,1776,2229.87,29796,33459.88,34218,41321.73,31644,29181.82,39864,47777.44,49612,53662.26,37314,37314,22932,20272.98,6059,8395.25,,10161.14,2764,5178.49,4413,3291.9,2230,7649.8,33460,35284.86,41321.73,37506.93,29181.82,31114.38,47777.44,53594.88,53662.26,52457.47,37314,46812.53,20272.98,22660.75,6059,10120.83,10161.14,9618.85,5178.49,6173.26,3291.9,4639.79,7649.8,10115.69,35284.86,32603.23,37506.93,28263.59,31114.38,35058.77,53594.88,46621.29,52457.47,60215.08,46812.53,44821.77,22660.75,33262.99,10120.83,12844.4,9618.85,10899.79,6173.26,8491.01,4639.79,7980.15,10115.69,8557.19,32603.23,34326.89,28263.59,27448.47,35058.77,43336.65,46621.29,52284.35,60215.08,53191.37,44821.77,45254.45,33262.99,35517.13,12844.4,17681.29,10899.79,12157.57,8491.01,10565.96,7980.15,10683.49,8557.19,10059.01,34326.89,10467.05,27448.47,22148.6,43336.65,22962.51,52284.35,57719.38,53191.37,67177.07,45254.45,47768.45,35517.13,52505.54,17681.29,13906.15,12157.57,3587.57
10682,11766,14074,16097,13179,17888.34,11332,24748.04,30622,37978.55,39318,65602.02,61773,77074.08,87466,85668.89,73010,73010,48602,45831.28,19734,26953.78,,10134.11,11766,13268.01,16097,15784.94,17888,17945.63,24748,21547.21,37978.55,25861.54,65602.02,62292.51,77074.08,80166.04,85668.89,79974.95,73010,82927.92,45831.28,34748.9,19734,18411.74,10134.11,11958.93,13268.01,12154.33,15784.94,17976.29,17945.63,20934.92,21547.21,21203.74,25861.54,5969.04,62292.51,53290.35,80166.04,75997.83,79974.95,88794.31,82927.92,67072.78,34748.9,58164.44,18411.74,20342.55,11958.93,21029.74,12154.33,18059.88,17976.29,19992.5,20934.92,25762.75,21203.74,26622.81,45969.04,47456.47,53290.35,67748.06,75997.83,96539.76,88794.31,96558.39,67072.78,70224.8,58164.44,57531.4,20342.55,19837.8,21029.74,31230,18059.88,29371.7,19992.5,28700.45,25762.75,25050.4,26622.81,106324.6,47456.47,38583.94,67748.06,39755.36,96539.76,106807.3,96558.39,116630.4,70224.8,76090.99,57531.4,76653.82,19837.8,36106.16,31230,10557.67
,5488,,7012,,7562.35,,17574.24,25011,27186.57,28933,42637.93,40412,46600.44,47754,43250.33,45098,45098,29250,20073.53,12893,10242.84,,9017.49,5488,6033.23,7012,11479.85,7562,5651.05,17574,16653.6,27186.57,18020.64,42637.93,24325.82,46600.44,42079.77,43250.33,40306.95,45098,34608,20073.53,19771.11,12893,10461.19,9017.49,8268.95,6033.23,6845.07,11479.85,9504.5,5651.05,8141.11,16653.6,17518.77,18020.64,19996.83,24325.82,29348.93,42079.77,34761.77,40306.95,36074.21,34608,27540.23,19771.11,22804.35,10461.19,12820.23,8268.95,10709.93,6845.07,7927.66,9504.5,12368.62,8141.11,12701.05,17518.77,14489.15,19996.83,22721,29348.93,36924.47,34761.77,40111.53,36074.21,46339.34,27540.23,31659.74,22804.35,26128.06,12820.23,14339.55,10709.93,7700.32,7927.66,15728.82,12368.62,15368.62,12701.05,9822.96,14489.15,9196.12,22721,12732.81,36924.47,12728.01,40111.53,32390.66,46339.34,37906.82,31659.74,38280.54,26128.06,38323.21,14339.55,19757.34,7700.32,6027.44
8174,9548,28104,20336,10929,13043.13,16436,22428.13,34059,40362.88,50213,58038.98,64382,74406.72,78896,72767.22,63585,63585,43050,30575.24,22211,20991.83,,8727.86,9548,15007.05,20336,14528.16,13043,13791.6,22428,14924.28,40362.88,32653.19,58038.98,59298.34,74406.72,81911.29,72767.22,80562.32,63585,58506.71,30575.24,28748.16,22211,17970.45,8727.86,10676.54,15007.05,12577.66,14528.16,15115.26,13791.6,15210.21,14924.28,16632.81,32653.19,49127.38,59298.34,58458.22,81911.29,73013.33,80562.32,73576.15,58506.71,53897.2,28748.16,44439.39,17970.45,15218.24,10676.54,7328.11,12577.66,12465.22,15115.26,15530.16,15210.21,12588.64,16632.81,10964.74,49127.38,39212.18,58458.22,63421.74,73013.33,74781.34,73576.15,65425.61,53897.2,51056.5,44439.39,39278.37,15218.24,15870.04,7328.11,6951.89,12465.22,12706.79,15530.16,5841.95,12588.64,3460.51,10964.74,824.68,39212.18,22737.54,63421.74,26878.2,74781.34,69042.2,65425.61,73734.76,51056.5,45426.64,39278.37,25574.92,15870.04,7663.17,6951.89,578.9
6696,5774,5141,7262,6052,6977.02,4952,6912.59,19262,16172.07,24884,26269.06,27532,28583.44,33227,29500.84,24549,24549,16162,10433.32,5698,7178.41,,2472.72,5774,5651.61,7262,8504.28,6977,5975.2,6913,6837.91,16172.07,13179.15,26269.06,28152.71,28583.44,34391.98,29500.84,32298.63,24549,26653.53,10433.32,11482.03,5698,4394.65,2472.72,2641.26,5651.61,1465.67,8504.28,6368.78,5975.2,4717.38,6837.91,5082.03,13179.15,20464.27,28152.71,26672.79,34391.98,30563,32298.63,27584.94,26653.53,17115.72,11482.03,16184.76,4394.65,5519.26,2641.26,1985.12,1465.67,1806.52,6368.78,6669.94,4717.38,4789.65,5082.03,3338.13,20464.27,15603.26,26672.79,24003.47,30563,30082.65,27584.94,25351.09,17115.72,24566.2,16184.76,14979.19,5519.26,6655.31,1985.12,2658.71,1806.52,1410.49,6669.94,422.24,4789.65,1452.93,3338.13,2026.04,15603.26,8705.84,24003.47,11595.91,30082.65,32410.15,25351.09,31492.94,24566.2,26331.59,14979.19,14559.54,6655.31,5399.75,2658.71,342.51
8360,6405,6485,6079,9933,8331.44,25747,12922.29,30538,23988.61,69439,46819.32,89256,82708.04,87998,76934.22,82120,82120,66179,31585.02,35545,26169.24,,18417.21,6405,6599.93,6079,4740.5,8331,12627.53,12922,15180.21,23988.61,24892.94,46819.32,49115.18,82708.04,64875.62,76934.22,80674.31,82120,64380.16,31585.02,36837.13,35545,24331.79,18417.21,16824.12,6599.93,9835.48,4740.5,4947.51,12627.53,13179.71,15180.21,23751.1,24892.94,43437.9,49115.18,51366.56,64875.62,61814.91,80674.31,54443.7,64380.16,50760.94,36837.13,42645.21,24331.79,24743.07,16824.12,16862.25,9835.48,14467.82,4947.51,13821.29,13179.71,17031.72,23751.1,19502.28,43437.9,38149.47,51366.56,52135.92,61814.91,56144.86,54443.7,60509.14,50760.94,56953.58,42645.21,25951.06,24743.07,26364.94,16862.25,14051.44,14467.82,12761.49,13821.29,22813.82,17031.72,12962.82,19502.28,20508.14,38149.47,14943.97,52135.92,16329.77,56144.86,63719.95,60509.14,50741.85,56953.58,45189.39,25951.06,42589.98,26364.94,29266.1,14051.44,5912.63
2206,2570,1140,949,284,714.02,2316,2456.99,3014,3692.98,4668,5982.02,6296,6045.09,7050,5154.2,5327,5327,4356,1814.22,1717,1301.51,,984.73,2570,2289.37,949,721.31,714,1606.01,2457,2994.63,3692.98,2598.09,5982.02,4669.67,6045.09,6453.77,5154.2,7721.44,5327,5481.38,1814.22,1908.39,1717,1615.21,984.73,1386.07,2289.37,1369.79,721.31,1158.05,1606.01,625.54,2994.63,2554.46,2598.09,3433.79,4669.67,5497.11,6453.77,5982.53,7721.44,5686.44,5481.38,5877.62,1908.39,3347.03,1615.21,1019.2,1386.07,477.44,1369.79,1360.69,1158.05,930.44,625.54,1008.54,2554.46,1983.4,3433.79,3569.58,5497.11,5817.27,5982.53,6441.4,5686.44,4905.4,5877.62,3938.56,3347.03,1755.35,1019.2,1098.87,477.44,1007.21,1360.69,453.8,930.44,861.28,1008.54,302.65,1983.4,10.6,3569.58,1739.53,5817.27,2256.87,6441.4,6523.85,4905.4,6309.01,3938.56,6185.03,1755.35,3000.25,1098.87,1163.67,1007.21,251.62
3625,1916,3465,3209,7180,6370.94,18041,12305.2,35468,29734.38,33843,40378.4,51756,46120.82,56176,40137.93,34364,34364,26628,8761.23,11126,10571.29,,1677.2,1916,1746.05,3209,3261.28,6371,5140.04,12305,9637.25,29734.38,25270.45,40378.4,40755.52,46120.82,46593.65,40137.93,35159.46,34364,19471.21,8761.23,10067.9,11126,6431.13,1677.2,4892.83,1746.05,2143.13,3261.28,3738,5140.04,6738.64,9637.25,8205.84,25270.45,25632.17,40755.52,37834.87,46593.65,37722.62,35159.46,29498.27,19471.21,18008.97,10067.9,18149.15,6431.13,7754.37,4892.83,3365.14,2143.13,2546,3738,3014.32,6738.64,6731.68,8205.84,6952.01,25632.17,22702.76,37834.87,36871.66,37722.62,42647.25,29498.27,37198.76,18008.97,30044.2,18149.15,13913.45,7754.37,13843.52,3365.14,2701.48,2546,2519.78,3014.32,0.09,6731.68,824.96,6952.01,259.84,22702.76,7055.76,36871.66,9108.11,42647.25,21847.79,37198.76,25202.21,30044.2,18311.66,13913.45,4674.5,13843.52,2441.59,2701.48,0.01
12177,15285,24350,24897,15373,20931.17,32192,31094.09,40794,38977.34,44312,46727.85,49692,50219.76,36942,52394.68,32787,32787,25900,37889.07,22647,32237.08,,13309.49,15285,14942.72,24897,17320.08,20931,24144.62,31094,27636.45,38977.34,24176.17,46727.85,38702.27,50219.76,48546.28,52394.68,43877.33,32787,37253.47,37889.07,24497.99,22647,16084.5,13309.49,15651.32,14942.72,4413.14,17320.08,14427.15,24144.62,25919.63,27636.45,25334.47,24176.17,8753.43,38702.27,40563.85,48546.28,31685.24,43877.33,12856.64,37253.47,40394.3,24497.99,28517.63,16084.5,18645.58,15651.32,3281.52,4413.14,3763.47,14427.15,13359.41,25919.63,24039.39,25334.47,24184.23,38753.43,37891.14,40563.85,40556.52,31685.24,32404.03,12856.64,12256.53,40394.3,39210.18,28517.63,19215.38,18645.58,19831.2,3281.52,3017.57,3763.47,2333.21,13359.41,2540.34,24039.39,3757.65,24184.23,4130.73,37891.14,3944.28,40556.52,3962.75,32404.03,11304.98,12256.53,11657.88,39210.18,36161.19,19215.38,9653.15,19831.2,5747.07,3017.57,2042.76
,,,,,,,,,,,,,,,,,,,,,,,,,,,,,,,,,,,,,,,,,25000,,15000,,5000,,5000,,5000,,6000,,,,10000,,35000,,51365,,57356,,,25000,25000,15000,12373.96,5000,20108.23,5000,18819.8,5000,5527.1,6000,5154.77,,5852.24,10000,6366.98,35000,37286.4,51365,48425.97,57356,58189.06,,59363.71,35000,42784.45,12373.96,9484.59,20108.23,24196.76,18819.8,19986.76,5527.1,7177.66,5154.77,6900.46,5852.24,7551.46,6366.98,3824.5,37286.4,11297.72,48425.97,12416.84,58189.06,32493.14,59363.71,36519.15,42784.45,34831.35,9484.59,28705.02,24196.76,14717.74,19986.76,2747.86
14702,12668,17353,26530,17621,14949.37,21545,21272.94,40639,36421.99,34699,39156.32,50651,44386.23,32088,44168.27,35211,35211,54573,21795.78,23883,19759.44,,5307.87,12668,11544.35,26530,22618.39,14949,17527.23,21273,19688.57,36421.99,11660.77,39156.32,20215.6,44386.23,25737.98,44168.27,23487.86,35211,26769.84,21795.78,30265.28,23883,14481.57,5307.87,5354.2,11544.35,3584.99,22618.39,23278.4,17527.23,16697.27,19688.57,17887.91,11660.77,13059.56,20215.6,14427.33,25737.98,14617.39,23487.86,15625.83,26769.84,11022.8,30265.28,41042.35,14481.57,7834.68,5354.2,7692.42,3584.99,3382.41,23278.4,14282.94,16697.27,16858.29,17887.91,18538.96,13059.56,9934.54,14427.33,12734.73,14617.39,13832.79,15625.83,13192.15,11022.8,11173.48,41042.35,11007.29,7834.68,6516.1,7692.42,8467.53,3382.41,24.09,14282.94,121.9,16858.29,549.89,18538.96,617,9934.54,2891.42,12734.73,3642.48,13832.79,8197.83,13192.15,9119.12,11173.48,8753.77,11007.29,5402.12,6516.1,4676.22,8467.53,1273.32
,,,5720,,,,,,,,,,0,,0,,,,,,,,12426.59,,2783.64,5720,1398.72,,4457,,3853.4,,9427.63,,17268.73,0,25941.47,0,10723.82,,5430.16,,11164.73,,8960.83,12426.59,8493.31,2783.64,4644.98,1398.72,4857.76,4457,2915.05,3853.4,4318.4,9427.63,0,17268.73,0,25941.47,0,10723.82,7.15,5430.16,0,11164.73,13483.04,8960.83,7831.14,8493.31,5963.48,4644.98,4280.93,4857.76,4898.62,2915.05,5252.07,4318.4,6239.76,0,8813.35,0,16385.09,0,0,7.15,0,0,710,13483.04,12841.47,7831.14,7522.34,5963.48,5864.47,4280.93,4958.04,4898.62,4036.18,5252.07,5299.4,6239.76,5084.04,8813.35,0,16385.09,0,0,18029.19,0,0,710,0,12841.47,12159.8,7522.34,7144.36,5864.47,2100.46
52,4351,593,433,486,858.77,2273,2861.32,32749,29299.98,35564,33261.76,37700,40362.47,9196,9502,7923,7923,5465,2595.83,2300,1559.27,,4940.43,4351,4414.44,433,46.34,859,452.78,2861,2930.27,29299.98,33288.73,33261.76,27868.25,40362.47,41414.11,9502,10909.87,7923,8181.46,2595.83,2762.41,2300,1156.85,4940.43,676.08,4414.44,0,46.34,489,452.78,1282.03,2930.27,2765,33288.73,34299,27868.25,26083.83,41414.11,28229.36,10909.87,10058.12,8181.46,5514.41,2762.41,5680.42,1156.85,1807.78,676.08,243.33,0,0,489,0,1282.03,0,2765,706.93,24299,24431.42,26083.83,17481.95,28229.36,28998.03,10058.12,6366.38,5514.41,5943.58,5680.42,3813.36,1807.78,1798.66,243.33,509.69,0,0,0,0,0,0,706.93,0,24431.42,2427.93,17481.95,2868.31,28998.03,5814.34,6366.38,7474.95,5943.58,6886.18,3813.36,3292.01,1798.66,1527.45,509.69,0
1528,11726,13804,9502,24583,22580.22,27748,28501.61,44009,40235.59,46004,50854.22,45727,49079.12,47963,58203.68,55653,55653,16206,29306.88,27439,23223.63,,13757.2,11726,13392.66,9502,6520.96,22580,20974.26,28502,32352.18,40235.59,40400.18,50854.22,38725.76,49079.12,54990.48,58203.68,54387.66,55653,50998.2,29306.88,35211.21,27439,24710.62,13757.2,11815.49,13392.66,7694.69,6520.96,10885.33,20974.26,15661.18,32352.18,34568,40400.18,41356,38725.76,38875.61,54990.48,50348.55,54387.66,55113.2,50998.2,49030.12,35211.21,35734.13,24710.62,18541.24,11815.49,11510.22,7694.69,8552.2,10885.33,8270.49,15661.18,9729.41,34568,32365.84,41356,35246.88,38875.61,36313.76,50348.55,46647.41,55113.2,49854.66,49030.12,36269.33,35734.13,30849.67,18541.24,15209.05,11510.22,10604.4,8552.2,8277.21,8270.49,8877.76,9729.41,9241.59,32365.84,15490.66,35246.88,18787.84,36313.76,18929.7,46647.41,45880.61,49854.66,56782.21,36269.33,40868.63,30849.67,42308.05,15209.05,15456.33,10604.4,3893.2
3922,5837,9567,10096,15482,12664.66,19976,28852.54,26003,35398.67,13611,8369.08,37489,39303.76,71424,79381.51,36008,36008,12823,20082.27,25755,24813.31,,21682,5837,5441.15,10096,12957.59,12665,12045.7,28853,32470.07,35398.67,34470.78,70369.08,70867.08,39303.76,46606.48,79381.51,73747.14,36008,51451.61,20082.27,21658.71,25755,22526.55,21682,22458.76,5441.15,11348.2,12957.59,13886.85,12045.7,15193.79,32470.07,30597,34470.78,32593,70867.08,46380.85,46606.48,40831.27,73747.14,42567.48,51451.61,33116.34,21658.71,50499.68,22526.55,25937.04,22458.76,11962.14,11348.2,7912.93,13886.85,9755.8,15193.79,11473.67,30597,26066.82,32593,32416.97,46380.85,61717.14,40831.27,41673.76,42567.48,42416.85,33116.34,32528.19,50499.68,49735.09,25937.04,23993.06,11962.14,11400.86,7912.93,7421.63,9755.8,8410.1,11473.67,8706.35,26066.82,15658.73,32416.97,11508.01,61717.14,12775.05,41673.76,68428.85,42416.85,36556.2,32528.19,36763.2,49735.09,43731.26,23993.06,22791.94,11400.86,4675.28
