building_number,lab,labs_c_desktop,non_labs_c_desktop,c_server,wet_lab_instruments,labs_delta_temperature_area,non_labs_delta_temperature_area,delta_temperature,area_sm,direct_consumption,indirect_consumption
14,0,0,13,0.0,0.0,0.0,29860.863010752688,10.112043010752688,2953,32322.67,15.38357025933288
14,0,0,13,0.0,0.0,0.0,25989.212380952376,8.80095238095238,2953,20597.35,9.03809701269668
14,0,0,13,0.0,0.0,0.0,23686.2352688172,8.021075268817203,2953,19120.75,530.7257151315366
14,0,0,13,0.0,0.0,0.0,11705.691999999997,3.963999999999999,2953,12793.32,401.9387344674528
14,0,0,13,0.0,0.0,0.0,13876.559784946227,4.699139784946233,2953,15889.49,9995.987708301873
14,0,0,13,0.0,0.0,0.0,21121.168444444436,7.152444444444441,2953,19220.65,16245.695145093116
14,0,0,13,0.0,0.0,0.0,23734.499354838703,8.037419354838708,2953,21234.02,17115.9676124819
14,0,0,13,0.0,0.0,0.0,20837.384086021513,7.056344086021507,2953,15783.52,17517.754382250183
14,0,0,13,0.0,0.0,0.0,14140.93266666666,4.788666666666664,2953,16713.58,15841.39569592784
14,0,0,13,0.0,0.0,0.0,6136.524516129032,2.0780645161290323,2953,13395.52,5030.039440032802
14,0,0,13,0.0,0.0,0.0,6175.707333333328,2.0913333333333317,2953,15324.38,5394.157564104752
14,0,0,13,0.0,0.0,0.0,22648.557419354845,7.669677419354841,2953,18731.01,576.6757857449041
15-16,0,0,679,22.0,0.0,0.0,64140.688817204296,10.112043010752688,6343,80986.07,10439.197465678437
15-16,0,0,680,22.0,0.0,0.0,55824.440952380945,8.80095238095238,6343,68354.88,11153.307076315175
15-16,0,0,682,22.0,0.0,0.0,50877.68043010752,8.021075268817203,6343,79253.44,21448.09447080288
15-16,0,0,682,22.0,0.0,0.0,25143.651999999995,3.963999999999999,6343,71262.98,12477.416861571874
15-16,0,0,683,22.0,0.0,0.0,29806.643655913955,4.699139784946233,6343,78553.85,37633.78855095777
15-16,0,0,683,22.0,0.0,0.0,45367.95511111109,7.152444444444441,6343,80835.15,52243.4040758016
15-16,0,0,685,22.0,0.0,0.0,50981.35096774192,8.037419354838708,6343,78680.25,52727.33122843698
15-16,0,0,686,22.0,0.0,0.0,44758.39053763442,7.056344086021507,6343,74845.36,59835.23096840756
15-16,0,0,701,22.0,0.0,0.0,30374.51266666665,4.788666666666664,6343,74679.36,47330.1921732689
15-16,0,0,707,22.0,0.0,0.0,13181.163225806453,2.0780645161290323,6343,72665.16,25206.56242919572
15-16,0,0,736,22.0,0.0,0.0,13265.327333333324,2.0913333333333317,6343,75472.21,18107.36206732732
15-16,0,0,738,22.0,0.0,0.0,48648.763870967756,7.669677419354841,6343,84106.24,11614.3661029689
17,0,0,94,0.0,0.0,0.0,15977.027956989246,10.112043010752688,1580,17116.72,89.1262111823355
17,0,0,95,0.0,0.0,0.0,13905.50476190476,8.80095238095238,1580,13160.29,36.861258404723706
17,0,0,95,0.0,0.0,0.0,12673.29892473118,8.021075268817203,1580,14924.58,1618.4559255168233
17,0,0,95,0.0,0.0,0.0,6263.119999999999,3.963999999999999,1580,12083.06,1150.2904242981003
17,0,0,95,0.0,0.0,0.0,7424.640860215049,4.699139784946233,1580,10763.36,4649.029531995298
17,0,0,95,0.0,0.0,0.0,11300.862222222217,7.152444444444441,1580,9963.47,6094.030262120499
17,0,0,95,0.0,0.0,0.0,12699.122580645158,8.037419354838708,1580,10674.28,7961.918841289776
17,0,0,95,0.0,0.0,0.0,11149.023655913981,7.056344086021507,1580,9750.88,7159.526442845409
17,0,0,95,0.0,0.0,0.0,7566.09333333333,4.788666666666664,1580,10825.56,8941.58399325496
17,0,0,95,0.0,0.0,0.0,3283.341935483871,2.0780645161290323,1580,9763.25,2084.016040589261
17,0,0,95,0.0,0.0,0.0,3304.306666666664,2.0913333333333317,1580,10313.2,1480.7583014334275
17,0,0,95,0.0,0.0,0.0,12118.090322580649,7.669677419354841,1580,14048.81,123.15988956486868
18,0,0,86,0.0,0.0,0.0,18120.781075268816,10.112043010752688,1792,34066.53,2292.411169487429
18,0,0,86,0.0,0.0,0.0,15771.306666666664,8.80095238095238,1792,25909.36,1631.0279828677317
18,0,0,86,0.0,0.0,0.0,14373.766881720429,8.021075268817203,1792,19466.09,2255.569283153181
18,0,0,86,0.0,0.0,0.0,7103.4879999999985,3.963999999999999,1792,15055.7,3930.9850043407546
18,0,0,86,0.0,0.0,0.0,8420.85849462365,4.699139784946233,1792,17135.52,8203.516174349907
18,0,0,86,0.0,0.0,0.0,12817.180444444439,7.152444444444441,1792,17391.83,13403.740135770202
18,0,0,86,0.0,0.0,0.0,14403.055483870965,8.037419354838708,1792,18756.38,14978.1489235957
18,0,0,86,0.0,0.0,0.0,12644.96860215054,7.056344086021507,1792,18569.44,15811.166336543693
18,0,0,86,0.0,0.0,0.0,8581.290666666662,4.788666666666664,1792,16230.71,11848.774279208872
18,0,0,86,0.0,0.0,0.0,3723.891612903226,2.0780645161290323,1792,16298.52,7962.037259265045
18,0,0,90,0.0,0.0,0.0,3747.6693333333305,2.0913333333333317,1792,16068.0,4447.665482754032
18,0,0,91,0.0,0.0,0.0,13744.061935483875,7.669677419354841,1792,20430.97,2771.51193334478
22,0,0,280,9.0,0.0,0.0,101737.26473118279,10.112043010752688,10061,96588.84,6928.762636811999
22,0,0,301,9.0,0.0,0.0,88546.38190476189,8.80095238095238,10061,86662.73,8614.582419737022
22,0,0,301,9.0,0.0,0.0,80700.03827956988,8.021075268817203,10061,88725.18,15711.349134173526
22,0,0,302,9.0,0.0,0.0,39881.80399999999,3.963999999999999,10061,74535.23,14100.583205096123
22,0,0,302,9.0,0.0,0.0,47278.04537634405,4.699139784946233,10061,97250.64,38769.964737528186
22,0,0,302,9.0,0.0,0.0,71960.74355555553,7.152444444444441,10061,100709.34,58714.03387367901
22,0,0,302,9.0,0.0,0.0,80864.47612903223,8.037419354838708,10061,106762.79,73362.23061594901
22,0,0,302,9.0,0.0,0.0,70993.87784946238,7.056344086021507,10061,77097.23,48608.05203723413
22,0,0,302,9.0,0.0,0.0,48178.77533333331,4.788666666666664,10061,88570.44,53645.57816658267
22,0,0,302,9.0,0.0,0.0,20907.407096774194,2.0780645161290323,10061,93544.0,27310.9367080542
22,0,0,302,9.0,0.0,0.0,21040.90466666665,2.0913333333333317,10061,115000.0,27913.68618290532
22,0,0,302,9.0,0.0,0.0,77164.62451612906,7.669677419354841,10061,97697.14,18757.00511996171
25,0,0,0,0.0,0.0,0.0,24319.463440860214,10.112043010752688,2405,14284.34,13.37476369640399
25,0,0,0,0.0,0.0,0.0,21166.290476190472,8.80095238095238,2405,11909.18,0.0
25,0,0,0,0.0,0.0,0.0,19290.68602150537,8.021075268817203,2405,12303.99,641.1470123284847
25,0,0,0,0.0,0.0,0.0,9533.419999999998,3.963999999999999,2405,10568.74,90.58859024928849
25,0,0,0,0.0,0.0,0.0,11301.43118279569,4.699139784946233,2405,12024.1,1697.2046253393155
25,0,0,0,0.0,0.0,0.0,17201.62888888888,7.152444444444441,2405,14670.56,3256.415845496321
25,0,0,0,0.0,0.0,0.0,19329.99354838709,8.037419354838708,2405,14752.14,3308.315151034204
25,0,0,0,0.0,0.0,0.0,16970.507526881724,7.056344086021507,2405,12468.55,5339.554768939537
25,0,0,0,0.0,0.0,0.0,11516.743333333327,4.788666666666664,2405,11566.03,5150.032917307701
25,0,0,0,0.0,0.0,0.0,4997.745161290322,2.0780645161290323,2405,11800.86,3650.628770107457
25,0,0,0,0.0,0.0,0.0,5029.656666666663,2.0913333333333317,2405,12432.62,4649.556524029954
25,0,0,0,0.0,0.0,0.0,18445.574193548393,7.669677419354841,2405,14084.1,15479.566346896512
26,0,0,10,0.0,0.0,0.0,29153.019999999997,10.112043010752688,2883,37323.34,0.0
26,0,0,10,0.0,0.0,0.0,25373.14571428571,8.80095238095238,2883,31400.99,0.0
26,0,0,10,0.0,0.0,0.0,23124.759999999995,8.021075268817203,2883,30622.81,184.2275741231098
26,0,0,10,0.0,0.0,0.0,11428.211999999998,3.963999999999999,2883,23948.81,1552.3285337617128
26,0,0,10,0.0,0.0,0.0,13547.61999999999,4.699139784946233,2883,28444.66,1562.379497096451
26,0,0,10,0.0,0.0,0.0,20620.497333333326,7.152444444444441,2883,26581.0,3420.154334176208
26,0,0,10,0.0,0.0,0.0,23171.879999999994,8.037419354838708,2883,29383.33,4914.10711071297
26,0,0,10,0.0,0.0,0.0,20343.440000000006,7.056344086021507,2883,27856.74,3364.7710408198213
26,0,0,11,0.0,0.0,0.0,13805.725999999993,4.788666666666664,2883,25817.91,8706.351379760246
26,0,0,11,0.0,0.0,0.0,5991.06,2.0780645161290323,2883,25477.89,9091.136474042056
26,0,0,11,0.0,0.0,0.0,6029.313999999996,2.0913333333333317,2883,28014.99,334.7271656118084
26,0,0,11,0.0,0.0,0.0,22111.680000000008,7.669677419354841,2883,31236.1,0.0
28,0,0,0,0.0,0.0,0.0,29355.26086021505,10.112043010752688,2903,19830.62,0.0
28,0,0,0,0.0,0.0,0.0,25549.164761904758,8.80095238095238,2903,17332.84,0.0
28,0,0,0,0.0,0.0,0.0,23285.18150537634,8.021075268817203,2903,18593.42,179.37758455281548
28,0,0,0,0.0,0.0,0.0,11507.491999999997,3.963999999999999,2903,17016.74,4282.242490766737
28,0,0,0,0.0,0.0,0.0,13641.602795698915,4.699139784946233,2903,15507.43,5029.965415506246
28,0,0,0,0.0,0.0,0.0,20763.546222222212,7.152444444444441,2903,14721.8,8589.385403173117
28,0,0,0,0.0,0.0,0.0,23332.628387096767,8.037419354838708,2903,27656.55,7397.367585664676
28,0,0,0,0.0,0.0,0.0,20484.566881720435,7.056344086021507,2903,16064.41,8828.276813672997
28,0,0,0,0.0,0.0,0.0,13901.499333333326,4.788666666666664,2903,16182.9,9893.279443939744
28,0,0,0,0.0,0.0,0.0,6032.6212903225805,2.0780645161290323,2903,15106.5,10244.823319654031
28,0,0,0,0.0,0.0,0.0,6071.140666666662,2.0913333333333317,2903,17523.56,4554.921924508577
28,0,0,0,0.0,0.0,0.0,22265.073548387103,7.669677419354841,2903,18811.9,614.4914405850111
29,1,109,0,0.0,85.0,43431.224731182796,0.0,10.112043010752688,4295,85861.55,16083.606946407748
29,1,109,0,0.0,85.0,37800.09047619047,0.0,8.80095238095238,4295,78447.22,16511.315461053848
29,1,109,0,0.0,85.0,34450.518279569886,0.0,8.021075268817203,4295,86993.88,13809.853099501186
29,1,110,0,0.0,85.0,17025.379999999997,0.0,3.963999999999999,4295,77298.03,11622.228769619818
29,1,110,0,0.0,85.0,20182.80537634407,0.0,4.699139784946233,4295,89654.63,3846.512600091066
29,1,112,0,0.0,85.0,30719.748888888877,0.0,7.152444444444441,4295,87487.21,15816.96802522456
29,1,113,0,0.0,85.0,34520.71612903225,0.0,8.037419354838708,4295,101537.37,45904.46450976954
29,1,113,0,0.0,85.0,30306.997849462376,0.0,7.056344086021507,4295,79497.73,8390.064995661132
29,1,113,0,0.0,85.0,20567.323333333323,0.0,4.788666666666664,4295,76146.17,33919.42474611264
29,1,113,0,0.0,85.0,8925.287096774195,0.0,2.0780645161290323,4295,73374.82,42779.01412325168
29,1,113,0,0.0,85.0,8982.27666666666,0.0,2.0913333333333317,4295,77281.7,14374.49605270866
29,1,113,0,0.0,86.0,32941.26451612904,0.0,7.669677419354841,4295,83243.98,19061.589498792004
30,0,0,363,3.0,0.0,0.0,26978.93075268817,10.112043010752688,2668,21694.04,76.29576926427353
30,0,0,364,3.0,0.0,0.0,23480.940952380948,8.80095238095238,2668,34745.32,0.0
30,0,0,364,3.0,0.0,0.0,21400.228817204297,8.021075268817203,2668,19937.21,64.17832733364688
30,0,0,364,3.0,0.0,0.0,10575.951999999997,3.963999999999999,2668,18405.76,1552.3285337617128
30,0,0,365,3.0,0.0,0.0,12537.30494623655,4.699139784946233,2668,22144.84,1562.379497096451
30,0,0,365,3.0,0.0,0.0,19082.72177777777,7.152444444444441,2668,23414.2,13538.086032865398
30,0,0,365,3.0,0.0,0.0,21443.83483870967,8.037419354838708,2668,33746.64,4914.10711071297
30,0,0,366,3.0,0.0,0.0,18826.32602150538,7.056344086021507,2668,23875.65,3364.7710408198213
30,0,0,366,3.0,0.0,0.0,12776.16266666666,4.788666666666664,2668,21629.83,19955.0417725832
30,0,0,369,3.0,0.0,0.0,5544.276129032258,2.0780645161290323,2668,14303.69,9091.136474042056
30,0,0,373,3.0,0.0,0.0,5579.677333333329,2.0913333333333317,2668,20628.38,334.7271656118084
30,0,0,373,3.0,0.0,0.0,20462.699354838714,7.669677419354841,2668,22228.98,0.0
32,0,0,10,3.0,0.0,0.0,24521.704301075268,10.112043010752688,2425,16940.93,0.0
32,0,0,10,3.0,0.0,0.0,21342.30952380952,8.80095238095238,2425,13906.08,0.0
32,0,0,10,3.0,0.0,0.0,19451.10752688172,8.021075268817203,2425,14223.88,149.8334649179287
32,0,0,10,3.0,0.0,0.0,9612.699999999997,3.963999999999999,2425,13857.62,3577.143768014618
32,0,0,10,3.0,0.0,0.0,11395.413978494615,4.699139784946233,2425,11281.1,4201.746071125096
32,0,0,10,3.0,0.0,0.0,17344.67777777777,7.152444444444441,2425,10002.99,7175.080674466945
32,0,0,10,3.0,0.0,0.0,19490.741935483868,8.037419354838708,2425,28613.14,6179.342900268919
32,0,0,10,3.0,0.0,0.0,17111.634408602156,7.056344086021507,2425,15246.85,7374.637236849167
32,0,0,10,3.0,0.0,0.0,11612.516666666661,4.788666666666664,2425,15196.68,8264.277847322304
32,0,0,10,3.0,0.0,0.0,5039.306451612903,2.0780645161290323,2425,12098.45,8557.935810198362
32,0,0,10,3.0,0.0,0.0,5071.483333333329,2.0913333333333317,2425,15582.44,3804.9156973663335
32,0,0,10,3.0,0.0,0.0,18598.96774193549,7.669677419354841,2425,17614.61,513.3216133209991
33,1,959,0,32.0,5.0,64717.0752688172,0.0,10.112043010752688,6400,91019.02,3166.682665801108
33,1,961,0,32.0,5.0,56326.09523809523,0.0,8.80095238095238,6400,80655.13,2767.866998488287
33,1,992,0,32.0,5.0,51334.8817204301,0.0,8.021075268817203,6400,86751.38,37123.596899885066
33,1,994,0,32.0,5.0,25369.599999999995,0.0,3.963999999999999,6400,78857.63,14919.549110947954
33,1,1080,0,32.0,5.0,30074.49462365589,0.0,4.699139784946233,6400,72229.08,28270.512771839924
33,1,1081,0,32.0,5.0,45775.64444444442,0.0,7.152444444444441,6400,70786.04,41206.15710296951
33,1,1081,0,32.0,5.0,51439.48387096773,0.0,8.037419354838708,6400,109292.01,71116.6013472646
33,1,1090,0,32.0,5.0,45160.60215053765,0.0,7.056344086021507,6400,91346.83,70527.89478309563
33,1,1092,0,32.0,5.0,30647.466666666653,0.0,4.788666666666664,6400,91676.17,50172.241293157975
33,1,1092,0,32.0,5.0,13299.612903225807,0.0,2.0780645161290323,6400,85431.57,42127.43619072974
33,1,1103,0,32.0,5.0,13384.533333333324,0.0,2.0913333333333317,6400,92692.95,34572.774389701786
33,1,1105,0,32.0,5.0,49085.935483870984,0.0,7.669677419354841,6400,99644.07,8374.807737577441
34,0,0,301,1.0,0.0,0.0,41368.36795698924,10.112043010752688,4091,55471.47,3484.1518629979228
34,0,0,301,1.0,0.0,0.0,36004.696190476185,8.80095238095238,4091,44192.84,6647.833437244731
34,0,0,301,1.0,0.0,0.0,32814.218924731176,8.021075268817203,4091,47068.89,4779.988854491367
34,0,0,328,1.0,0.0,0.0,16216.723999999997,3.963999999999999,4091,42774.9,12003.721098627404
34,0,0,328,1.0,0.0,0.0,19224.18086021504,4.699139784946233,4091,38005.99,17638.92559292668
34,0,0,328,1.0,0.0,0.0,29260.650222222208,7.152444444444441,4091,54620.34,28531.343120567974
34,0,0,328,1.0,0.0,0.0,32881.082580645154,8.037419354838708,4091,64508.41,32758.34228491077
34,0,0,330,1.0,0.0,0.0,28867.503655913988,7.056344086021507,4091,44212.56,27685.64016236104
34,0,0,330,1.0,0.0,0.0,19590.435333333324,4.788666666666664,4091,46155.86,26298.44825366548
34,0,0,334,1.0,0.0,0.0,8501.361935483872,2.0780645161290323,4091,39947.61,15195.167286799164
34,0,0,338,1.0,0.0,0.0,8555.64466666666,2.0913333333333317,4091,47225.71,13009.744752633564
34,0,0,342,1.0,0.0,0.0,31376.650322580652,7.669677419354841,4091,49964.84,10834.06855659009
35,0,0,291,0.0,0.0,0.0,50924.24860215053,10.112043010752688,5036,56217.33,10667.333091015453
35,0,0,291,0.0,0.0,0.0,44321.596190476186,8.80095238095238,5036,46986.77,9864.332668233845
35,0,0,291,0.0,0.0,0.0,40394.135053763435,8.021075268817203,5036,50310.17,19786.40881151717
35,0,0,291,0.0,0.0,0.0,19962.703999999994,3.963999999999999,5036,43121.99,13704.499314152416
35,0,0,301,0.0,0.0,0.0,23664.86795698923,4.699139784946233,5036,52671.07,26610.857164301146
35,0,0,301,0.0,0.0,0.0,36019.71022222221,7.152444444444441,5036,55279.63,37617.84274396108
35,0,0,301,0.0,0.0,0.0,40476.443870967734,8.037419354838708,5036,58741.15,44957.3288949487
35,0,0,301,0.0,0.0,0.0,35535.74881720431,7.056344086021507,5036,43991.54,41598.54998042182
35,0,0,301,0.0,0.0,0.0,24115.72533333332,4.788666666666664,5036,45132.37,36693.3068022212
35,0,0,301,0.0,0.0,0.0,10465.132903225807,2.0780645161290323,5036,30103.55,26913.11089868679
35,0,0,301,0.0,0.0,0.0,10531.95466666666,2.0913333333333317,5036,50000.0,19656.065031059905
35,0,0,305,0.0,0.0,0.0,38624.495483870975,7.669677419354841,5036,55000.0,6843.144210885851
37,0,0,781,129.0,0.0,0.0,57942.0064516129,10.112043010752688,5730,135595.06,9062.672488463166
37,0,0,782,129.0,0.0,0.0,50429.457142857136,8.80095238095238,5730,123789.73,12442.96672573865
37,0,0,783,129.0,0.0,0.0,45960.761290322574,8.021075268817203,5730,133732.12,19490.95561024361
37,0,0,783,129.0,0.0,0.0,22713.719999999994,3.963999999999999,5730,116187.89,13445.39557416524
37,0,0,784,129.0,0.0,0.0,26926.070967741915,4.699139784946233,5730,139473.42,36111.88953006909
37,0,0,784,129.0,0.0,0.0,40983.506666666646,7.152444444444441,5730,133848.56,39316.5827685808
37,0,0,784,129.0,0.0,0.0,46054.41290322579,8.037419354838708,5730,147883.47,47504.0230973835
37,0,0,785,129.0,0.0,0.0,40432.851612903236,7.056344086021507,5730,137096.25,82940.47447653388
37,0,0,879,129.0,0.0,0.0,27439.059999999987,4.788666666666664,5730,136582.0,75083.64728055563
37,0,0,879,129.0,0.0,0.0,11907.309677419355,2.0780645161290323,5730,135481.0,21034.015185683485
37,0,0,879,129.0,0.0,0.0,11983.339999999991,2.0913333333333317,5730,130983.0,20709.696685255603
37,0,0,880,129.0,0.0,0.0,43947.25161290324,7.669677419354841,5730,153504.0,9967.390730148436
38,1,46,0,0.0,7.0,19425.234623655913,0.0,10.112043010752688,1921,15582.61,3419.118370528392
38,1,46,0,0.0,7.0,16906.629523809523,0.0,8.80095238095238,1921,12980.78,2188.3418551329964
38,1,47,0,0.0,7.0,15408.485591397846,0.0,8.021075268817203,1921,15105.73,3273.3948171329644
38,1,47,0,0.0,7.0,7614.843999999998,0.0,3.963999999999999,1921,13368.03,3475.118771957279
38,1,48,0,0.0,7.0,9027.047526881714,0.0,4.699139784946233,1921,15204.89,12956.211737360603
38,1,48,0,0.0,7.0,13739.845777777771,0.0,7.152444444444441,1921,13891.09,16754.768760580966
38,1,48,0,0.0,8.0,15439.882580645157,0.0,8.037419354838708,1921,13903.07,25280.21834160516
38,1,48,0,0.0,8.0,13555.236989247316,0.0,7.056344086021507,1921,12097.18,24854.45689689246
38,1,48,0,0.0,8.0,9199.028666666662,0.0,4.788666666666664,1921,12202.62,27276.4206451079
38,1,48,0,0.0,8.0,3991.961935483871,0.0,2.0780645161290323,1921,12847.45,12246.892021584126
38,1,48,0,0.0,8.0,4017.4513333333302,0.0,2.0913333333333317,1921,14312.59,5710.01040082159
38,1,49,0,0.0,8.0,14733.45032258065,0.0,7.669677419354841,1921,14860.42,1976.3212352309968
39,1,265,0,4.0,56.0,46727.75075268817,0.0,10.112043010752688,4621,119101.69,17294.347061990848
39,1,265,0,4.0,56.0,40669.20095238095,0.0,8.80095238095238,4621,106997.79,18331.00928862191
39,1,268,0,4.0,56.0,37065.38881720429,0.0,8.021075268817203,4621,116192.2,21593.17398554794
39,1,268,0,4.0,56.0,18317.643999999997,0.0,3.963999999999999,4621,104062.81,22927.558957735888
39,1,271,0,4.0,56.0,21714.724946236543,0.0,4.699139784946233,4621,104837.86,47875.43686548391
39,1,271,0,4.0,56.0,33051.445777777764,0.0,7.152444444444441,4621,92303.46,64530.02337271952
39,1,272,0,4.0,56.0,37140.914838709665,0.0,8.037419354838708,4621,107483.53,83649.75219581675
39,1,273,0,4.0,56.0,32607.366021505386,0.0,7.056344086021507,4621,110382.81,102031.04255437724
39,1,273,0,4.0,57.0,22128.428666666656,0.0,4.788666666666664,4621,107589.25,70033.46898786502
39,1,273,0,4.0,57.0,9602.736129032259,0.0,2.0780645161290323,4621,108008.82,59993.28199015113
39,1,280,0,4.0,58.0,9664.051333333326,0.0,2.0913333333333317,4621,103905.58,34085.3579937415
39,1,286,0,4.0,58.0,35441.579354838716,0.0,7.669677419354841,4621,112033.15,16165.441311275586
40,1,181,0,0.0,49.0,40003.24215053763,0.0,10.112043010752688,3956,93124.06,18891.01131841844
40,1,183,0,0.0,49.0,34816.567619047615,0.0,8.80095238095238,3956,75878.92,18777.32587796654
40,1,183,0,0.0,49.0,31731.373763440854,0.0,8.021075268817203,3956,81513.72,21063.01250187632
40,1,184,0,0.0,50.0,15681.583999999997,0.0,3.963999999999999,3956,75871.12,18924.93286241364
40,1,184,0,0.0,50.0,18589.796989247297,0.0,4.699139784946233,3956,79655.33,27020.73433755544
40,1,184,0,0.0,50.0,28295.07022222221,0.0,7.152444444444441,3956,78427.85,38299.76098665764
40,1,186,0,0.0,50.0,31796.030967741928,0.0,8.037419354838708,3956,87168.33,55343.42496118954
40,1,188,0,0.0,50.0,27914.897204301084,0.0,7.056344086021507,3956,86828.03,56555.2792922493
40,1,188,0,0.0,50.0,18943.965333333323,0.0,4.788666666666664,3956,84543.39,56874.503708877215
40,1,188,0,0.0,50.0,8220.823225806453,0.0,2.0780645161290323,3956,77693.81,36585.22874177484
40,1,190,0,0.0,51.0,8273.31466666666,0.0,2.0913333333333317,3956,82908.64,28074.74614890148
40,1,191,0,0.0,51.0,30341.243870967748,0.0,7.669677419354841,3956,96510.94,20330.602581712294
41,1,197,0,3.0,28.0,49508.56258064516,0.0,10.112043010752688,4896,163417.63,29434.14832367552
41,1,198,0,3.0,28.0,43089.46285714285,0.0,8.80095238095238,4896,141544.24,24989.334007104902
41,1,198,0,3.0,28.0,39271.184516129026,0.0,8.021075268817203,4896,159604.99,32020.20737946757
41,1,198,0,3.0,28.0,19407.743999999995,0.0,3.963999999999999,4896,143574.29,40601.38546224735
41,1,198,0,3.0,28.0,23006.988387096757,0.0,4.699139784946233,4896,126286.34,56777.72708600786
41,1,198,0,3.0,28.0,35018.36799999999,0.0,7.152444444444441,4896,147389.0,69117.4025435199
41,1,198,0,3.0,28.0,39351.205161290316,0.0,8.037419354838708,4896,151364.0,83135.62287511337
41,1,200,0,3.0,28.0,34547.8606451613,0.0,7.056344086021507,4896,150398.59,93166.15733197986
41,1,200,0,3.0,28.0,23445.311999999987,0.0,4.788666666666664,4896,143880.16,69484.96034693018
41,1,201,0,3.0,28.0,10174.203870967742,0.0,2.0780645161290323,4896,142621.52,56537.71966365069
41,1,203,0,3.0,28.0,10239.167999999992,0.0,2.0913333333333317,4896,148972.0,44246.262380943896
41,1,203,0,3.0,29.0,37550.7406451613,0.0,7.669677419354841,4896,152027.0,38905.9501022075
42,1,79,0,0.0,40.0,62593.54623655914,0.0,10.112043010752688,6190,80272.92,27810.086537738047
42,1,81,0,0.0,40.0,54477.89523809523,0.0,8.80095238095238,6190,85882.66,23797.06132980648
42,1,81,0,0.0,40.0,49650.45591397848,0.0,8.021075268817203,6190,89725.26,42251.53029672988
42,1,81,0,0.0,40.0,24537.159999999993,0.0,3.963999999999999,6190,67642.95,30263.427087060616
42,1,82,0,0.0,40.0,29087.675268817184,0.0,4.699139784946233,6190,70321.21,33513.39868506717
42,1,88,0,0.0,40.0,44273.63111111109,0.0,7.152444444444441,6190,74957.28,52557.87951092855
42,1,90,0,0.0,41.0,49751.6258064516,0.0,8.037419354838708,6190,81522.43,66553.79281576547
42,1,93,0,0.0,41.0,43678.76989247313,0.0,7.056344086021507,6190,74905.99,72152.38078932423
42,1,93,0,0.0,41.0,29641.84666666665,0.0,4.788666666666664,6190,70625.62,75169.81224896465
42,1,97,0,0.0,41.0,12863.21935483871,0.0,2.0780645161290323,6190,63828.3,50558.27303893184
42,1,97,0,0.0,41.0,12945.353333333323,0.0,2.0913333333333317,6190,67886.66,26739.475031264505
42,1,99,0,0.0,41.0,47475.30322580646,0.0,7.669677419354841,6190,79586.1,21735.752022056968
50,0,0,2,300.0,0.0,0.0,10445.740430107526,10.112043010752688,1033,109794.99,12537.609761356298
50,0,0,2,300.0,0.0,0.0,9091.383809523808,8.80095238095238,1033,97677.23,10156.30455251459
50,0,0,2,300.0,0.0,0.0,8285.770752688171,8.021075268817203,1033,104601.42,12246.847921076416
50,0,0,2,300.0,0.0,0.0,4094.811999999999,3.963999999999999,1033,98322.62,7785.517511635942
50,0,0,2,300.0,0.0,0.0,4854.211397849459,4.699139784946233,1033,105349.29,12032.044771178607
50,0,0,2,300.0,0.0,0.0,7388.475111111108,7.152444444444441,1033,103759.06,11794.351565981604
50,0,0,2,300.0,0.0,0.0,8302.654193548386,8.037419354838708,1033,104581.09,12404.360859117676
50,0,0,2,300.0,0.0,0.0,7289.203440860218,7.056344086021507,1033,107657.95,13995.20595219466
50,0,0,2,300.0,0.0,0.0,4946.692666666664,4.788666666666664,1033,109855.02,12195.290186759785
50,0,0,2,300.0,0.0,0.0,2146.64064516129,2.0780645161290323,1033,114574.96,14019.556184589575
50,0,0,2,300.0,0.0,0.0,2160.347333333332,2.0913333333333317,1033,114938.03,16477.435211446107
50,0,0,2,300.0,0.0,0.0,7922.77677419355,7.669677419354841,1033,122448.31,14437.097527715265
51,1,127,0,4.0,30.0,57891.44623655914,0.0,10.112043010752688,5725,181474.59,413.21799001564415
51,1,130,0,4.0,30.0,50385.452380952374,0.0,8.80095238095238,5725,159386.57,3339.7481565269577
51,1,131,0,4.0,30.0,45920.65591397849,0.0,8.021075268817203,5725,171453.72,11012.309486792296
51,1,131,0,4.0,30.0,22693.899999999994,0.0,3.963999999999999,5725,135518.6,16930.667158230175
51,1,135,0,4.0,30.0,26902.575268817185,0.0,4.699139784946233,5725,162256.26,38966.58105646737
51,1,135,0,4.0,30.0,40947.744444444426,0.0,7.152444444444441,5725,188376.33,57544.61344587621
51,1,136,0,4.0,30.0,46014.2258064516,0.0,8.037419354838708,5725,201845.12,68021.30103332597
51,1,136,0,4.0,30.0,40397.56989247313,0.0,7.056344086021507,5725,196203.98,78416.37605556869
51,1,137,0,4.0,30.0,27415.116666666654,0.0,4.788666666666664,5725,191203.73,61784.05066055164
51,1,137,0,4.0,30.0,11896.91935483871,0.0,2.0780645161290323,5725,170700.03,44114.97635765694
51,1,137,0,4.0,30.0,11972.883333333324,0.0,2.0913333333333317,5725,157719.49,31752.902905229384
51,1,137,0,4.0,30.0,43908.90322580646,0.0,7.669677419354841,5725,170865.64,16611.989802557
54,1,364,0,0.0,6.0,54544.35999999999,0.0,10.112043010752688,5394,54440.36,19442.46112004828
54,1,364,0,0.0,6.0,47472.33714285713,0.0,8.80095238095238,5394,46521.39,19853.49740579599
54,1,364,0,0.0,6.0,43265.67999999999,0.0,8.021075268817203,5394,56799.66,36977.929143830734
54,1,365,0,0.0,6.0,21381.815999999995,0.0,3.963999999999999,5394,46754.45,19235.87722539748
54,1,365,0,0.0,6.0,25347.15999999998,0.0,4.699139784946233,5394,51854.99,39213.60308906804
54,1,365,0,0.0,6.0,38580.28533333332,0.0,7.152444444444441,5394,81749.26,63275.065950336015
54,1,368,0,0.0,6.0,43353.83999999999,0.0,8.037419354838708,5394,89388.53,79230.4598713806
54,1,368,0,0.0,6.0,38061.92000000001,0.0,7.056344086021507,5394,94225.34,101663.52432328644
54,1,369,0,0.0,6.0,25830.06799999999,0.0,4.788666666666664,5394,70238.21,68990.10795916912
54,1,369,0,0.0,6.0,11209.08,0.0,2.0780645161290323,5394,70646.43,64248.83963585933
54,1,369,0,0.0,6.0,11280.651999999991,0.0,2.0913333333333317,5394,101914.42,46550.42058472725
54,1,370,0,0.0,6.0,41370.24000000001,0.0,7.669677419354841,5394,107100.62,43130.15300634834
55,1,389,0,12.0,2.0,47324.36129032258,0.0,10.112043010752688,4680,27707.78,13613.720957096137
55,1,389,0,12.0,2.0,41188.457142857136,0.0,8.80095238095238,4680,24173.64,7137.213900591034
55,1,389,0,12.0,2.0,37538.63225806451,0.0,8.021075268817203,4680,26365.43,8948.122712870878
55,1,389,0,12.0,2.0,18551.519999999997,0.0,3.963999999999999,4680,23513.8,4269.588741255729
55,1,389,0,12.0,2.0,21991.974193548373,0.0,4.699139784946233,4680,26510.76,16676.473999531092
55,1,390,0,12.0,2.0,33473.43999999999,0.0,7.152444444444441,4680,26047.35,24964.762078848333
55,1,391,0,12.0,2.0,37615.122580645155,0.0,8.037419354838708,4680,26904.76,31175.164880163484
55,1,391,0,12.0,2.0,33023.69032258065,0.0,7.056344086021507,4680,24064.07,30230.99748083189
55,1,392,0,12.0,2.0,22410.95999999999,0.0,4.788666666666664,4680,22576.61,29078.382105205383
55,1,393,0,12.0,2.0,9725.341935483872,0.0,2.0780645161290323,4680,21404.29,20961.475387785445
55,1,393,0,12.0,2.0,9787.439999999993,0.0,2.0913333333333317,4680,26708.03,11548.649645234678
55,1,393,0,12.0,2.0,35894.090322580654,0.0,7.669677419354841,4680,28380.51,11608.68080417616
56,0,0,64,0.0,0.0,0.0,12094.003440860215,10.112043010752688,1196,16581.58,3479.0585663577217
56,0,0,64,0.0,0.0,0.0,10525.939047619046,8.80095238095238,1196,14453.63,1823.958864197584
56,0,0,64,0.0,0.0,0.0,9593.206021505375,8.021075268817203,1196,15636.86,2286.7460725444053
56,0,0,64,0.0,0.0,0.0,4740.943999999999,3.963999999999999,1196,14913.79,1091.1208953346516
56,0,0,64,0.0,0.0,0.0,5620.171182795695,4.699139784946233,1196,16806.9,4261.769603381102
56,0,0,65,0.0,0.0,0.0,8554.323555555551,7.152444444444441,1196,16464.76,6379.882068471867
56,0,0,65,0.0,0.0,0.0,9612.753548387094,8.037419354838708,1196,17113.23,7966.992746690704
56,0,0,65,0.0,0.0,0.0,8439.387526881723,7.056344086021507,1196,15534.17,7725.7005543277555
56,0,0,65,0.0,0.0,0.0,5727.245333333331,4.788666666666664,1196,16765.42,7431.143593377873
56,0,0,65,0.0,0.0,0.0,2485.3651612903227,2.0780645161290323,1196,14827.18,5356.822885086258
56,0,0,65,0.0,0.0,0.0,2501.234666666665,2.0913333333333317,1196,15969.44,2951.3197905071884
56,0,0,68,0.0,0.0,0.0,9172.93419354839,7.669677419354841,1196,16508.48,2966.6640233398384
57,1,62,0,0.0,3.0,20224.086021505376,0.0,10.112043010752688,2000,20922.03,5817.827807300614
57,1,62,0,0.0,3.0,17601.90476190476,0.0,8.80095238095238,2000,12009.94,3050.091915402403
57,1,62,0,0.0,3.0,16042.150537634407,0.0,8.021075268817203,2000,18638.38,3823.988682608157
57,1,62,0,0.0,3.0,7927.999999999998,0.0,3.963999999999999,2000,17200.26,1824.6077419897367
57,1,62,0,0.0,3.0,9398.279569892466,0.0,4.699139784946233,2000,18904.72,7126.6937860922735
57,1,62,0,0.0,3.0,14304.888888888883,0.0,7.152444444444441,2000,18671.6,10668.701310707336
57,1,62,0,0.0,3.0,16074.838709677415,0.0,8.037419354838708,2000,18617.22,13322.717916742624
57,1,62,0,0.0,3.0,14112.688172043016,0.0,7.056344086021507,2000,17505.26,12919.23144375459
57,1,62,0,0.0,3.0,9577.333333333328,0.0,4.788666666666664,2000,16314.01,12426.664499449756
57,1,64,0,0.0,3.0,4156.129032258064,0.0,2.0780645161290323,2000,16077.89,8957.899177430081
57,1,64,0,0.0,3.0,4182.666666666663,0.0,2.0913333333333317,2000,16819.85,4935.315616533449
57,1,64,0,0.0,3.0,15339.354838709682,0.0,7.669677419354841,2000,21366.72,4960.973595753339
58,1,330,0,2.0,17.0,43309.88021505376,0.0,10.112043010752688,4283,62827.02,8116.97819880561
58,1,346,0,2.0,17.0,37694.47904761904,0.0,8.80095238095238,4283,53938.73,6655.26476145517
58,1,346,0,2.0,17.0,34354.26537634408,0.0,8.021075268817203,4283,58667.76,9206.180573769509
58,1,347,0,2.0,17.0,16977.811999999994,0.0,3.963999999999999,4283,50539.17,29161.170279343794
58,1,347,0,2.0,17.0,20126.415698924717,0.0,4.699139784946233,4283,54644.11,48989.259309293535
58,1,348,0,2.0,17.0,30633.91955555554,0.0,7.152444444444441,4283,57196.37,75271.98862685707
58,1,351,0,2.0,17.0,34424.26709677419,0.0,8.037419354838708,4283,58344.69,85254.22612928785
58,1,352,0,2.0,19.0,30222.321720430115,0.0,7.056344086021507,4283,53258.79,84154.45028537298
58,1,352,0,2.0,20.0,20509.859333333323,0.0,4.788666666666664,4283,52663.6,68097.20941316763
58,1,353,0,2.0,20.0,8900.350322580645,0.0,2.0780645161290323,4283,51233.22,53785.71107506808
58,1,353,0,2.0,20.0,8957.18066666666,0.0,2.0913333333333317,4283,53044.78,39928.51129978659
58,1,354,0,2.0,20.0,32849.22838709678,0.0,7.669677419354841,4283,59089.34,13817.309305339291
59,1,372,0,1.0,37.0,29355.26086021505,0.0,10.112043010752688,2903,54230.0,0.0
59,1,373,0,1.0,37.0,25549.164761904758,0.0,8.80095238095238,2903,48944.0,0.0
59,1,374,0,1.0,37.0,23285.18150537634,0.0,8.021075268817203,2903,49606.0,0.0
59,1,375,0,1.0,37.0,11507.491999999997,0.0,3.963999999999999,2903,40851.0,8038.079064375938
59,1,379,0,1.0,37.0,13641.602795698915,0.0,4.699139784946233,2903,48259.0,14535.455354732389
59,1,380,0,1.0,37.0,20763.546222222212,0.0,7.152444444444441,2903,50644.0,24166.45726782176
59,1,381,0,1.0,37.0,23332.628387096767,0.0,8.037419354838708,2903,53419.0,32127.017641411745
59,1,381,0,1.0,37.0,20484.566881720435,0.0,7.056344086021507,2903,53697.0,32821.25536305189
59,1,381,0,1.0,39.0,13901.499333333326,0.0,4.788666666666664,2903,51264.0,25257.989387090925
59,1,384,0,1.0,39.0,6032.6212903225805,0.0,2.0780645161290323,2903,53566.0,13712.536576687982
59,1,389,0,1.0,39.0,6071.140666666662,0.0,2.0913333333333317,2903,50261.0,8459.103151937854
59,1,390,0,1.0,40.0,22265.073548387103,0.0,7.669677419354841,2903,52990.0,382.26187805323127
60,1,11,0,0.0,4.0,22246.49462365591,0.0,10.112043010752688,2200,19760.68,6399.617068051845
60,1,11,0,0.0,4.0,19362.095238095237,0.0,8.80095238095238,2200,18089.87,3355.107014195593
60,1,11,0,0.0,4.0,17646.365591397847,0.0,8.021075268817203,2200,18174.49,4206.381548406634
60,1,12,0,0.0,4.0,8720.799999999997,0.0,3.963999999999999,2200,15174.85,2007.0685161887109
60,1,12,0,0.0,4.0,10338.107526881713,0.0,4.699139784946233,2200,17348.29,7839.367556399489
60,1,12,0,0.0,4.0,15735.37777777777,0.0,7.152444444444441,2200,16841.84,11735.56638281222
60,1,12,0,0.0,4.0,17682.322580645156,0.0,8.037419354838708,2200,18532.26,14654.99466340263
60,1,12,0,0.0,4.0,15523.956989247316,0.0,7.056344086021507,2200,14660.39,14211.157823040983
60,1,14,0,0.0,4.0,10535.066666666662,0.0,4.788666666666664,2200,15254.51,13669.329824525696
60,1,14,0,0.0,4.0,4571.741935483871,0.0,2.0780645161290323,2200,13427.93,9853.684522856802
60,1,15,0,0.0,4.0,4600.93333333333,0.0,2.0913333333333317,2200,12914.0,5428.853021632272
60,1,15,0,0.0,4.0,16873.29032258065,0.0,7.669677419354841,2200,16471.27,5457.070955328673
62,1,222,0,44.0,73.0,38031.39376344086,0.0,10.112043010752688,3761,55887.0,11004.384912190237
62,1,224,0,44.0,73.0,33100.381904761896,0.0,8.80095238095238,3761,49217.0,9428.15292495051
62,1,225,0,44.0,74.0,30167.2640860215,0.0,8.021075268817203,3761,53655.0,10272.842141343242
62,1,226,0,44.0,74.0,14908.603999999996,0.0,3.963999999999999,3761,45448.0,28426.954682716874
62,1,226,0,44.0,74.0,17673.464731182783,0.0,4.699139784946233,3761,54931.0,30136.34762068756
62,1,226,0,44.0,74.0,26900.343555555544,0.0,7.152444444444441,3761,55287.0,43847.72647499989
62,1,227,0,44.0,74.0,30228.73419354838,0.0,8.037419354838708,3761,57494.0,51813.64176738203
62,1,228,0,44.0,74.0,26538.910107526888,0.0,7.056344086021507,3761,60457.0,57356.448116936524
62,1,228,0,44.0,74.0,18010.175333333325,0.0,4.788666666666664,3761,59102.0,50905.32969474863
62,1,232,0,44.0,74.0,7815.60064516129,0.0,2.0780645161290323,3761,44588.0,40598.88799430333
62,1,233,0,44.0,74.0,7865.50466666666,0.0,2.0913333333333317,3761,57920.0,25829.913525336764
62,1,233,0,44.0,74.0,28845.656774193554,0.0,7.669677419354841,3761,63768.0,15744.742151179396
63,1,198,0,5.0,28.0,25927.27827956989,0.0,10.112043010752688,2564,46787.0,23405.68094819889
63,1,198,0,5.0,28.0,22565.641904761902,0.0,8.80095238095238,2564,46365.0,23620.150918475603
63,1,198,0,5.0,28.0,20566.03698924731,0.0,8.021075268817203,2564,48338.0,30927.987327252355
63,1,199,0,5.0,28.0,10163.695999999998,0.0,3.963999999999999,2564,41250.0,22047.01367926374
63,1,199,0,5.0,28.0,12048.59440860214,0.0,4.699139784946233,2564,47815.0,52103.620958498985
63,1,200,0,5.0,28.0,18338.86755555555,0.0,7.152444444444441,2564,47464.0,68547.0243798697
63,1,201,0,5.0,28.0,20607.943225806448,0.0,8.037419354838708,2564,50004.0,95670.62688833346
63,1,224,0,5.0,28.0,18092.466236559147,0.0,7.056344086021507,2564,77252.0,104119.26382587856
63,1,224,0,5.0,28.0,12278.141333333328,0.0,4.788666666666664,2564,68040.0,78993.70330979128
63,1,224,0,5.0,28.0,5328.157419354839,0.0,2.0780645161290323,2564,65833.0,65762.93931281786
63,1,226,0,5.0,28.0,5362.178666666662,0.0,2.0913333333333317,2564,44822.0,28980.27567744919
63,1,228,0,5.0,28.0,19665.052903225813,0.0,7.669677419354841,2564,51537.0,40444.61988549789
64,1,99,0,7.0,5.0,15623.106451612903,0.0,10.112043010752688,1545,38169.32,10274.280926883144
64,1,100,0,7.0,5.0,13597.471428571427,0.0,8.80095238095238,1545,34549.57,14612.91339518698
64,1,103,0,7.0,5.0,12392.56129032258,0.0,8.021075268817203,1545,40109.96,15247.514859353078
64,1,104,0,7.0,5.0,6124.379999999998,0.0,3.963999999999999,1545,33379.28,11998.826880066536
64,1,105,0,7.0,5.0,7260.17096774193,0.0,4.699139784946233,1545,37505.13,24945.942498421296
64,1,105,0,7.0,5.0,11050.526666666661,0.0,7.152444444444441,1545,29185.09,37359.926547029805
64,1,105,0,7.0,5.0,12417.812903225804,0.0,8.037419354838708,1545,49897.41,39750.41185673337
64,1,105,0,7.0,5.0,10902.05161290323,0.0,7.056344086021507,1545,44783.87,49967.87919700284
64,1,105,0,7.0,5.0,7398.489999999996,0.0,4.788666666666664,1545,41380.44,35613.06131772723
64,1,105,0,7.0,5.0,3210.6096774193547,0.0,2.0780645161290323,1545,39240.88,29866.438573399297
64,1,106,0,7.0,5.0,3231.1099999999974,0.0,2.0913333333333317,1545,43379.41,20948.094652157324
64,1,107,0,7.0,5.0,11849.65161290323,0.0,7.669677419354841,1545,47826.59,9972.35079720452
65,0,0,1,0.0,0.0,0.0,13631.033978494623,10.112043010752688,1348,11572.0,0.0
65,0,0,1,0.0,0.0,0.0,11863.683809523807,8.80095238095238,1348,9863.0,0.0
65,0,0,1,0.0,0.0,0.0,10812.40946236559,8.021075268817203,1348,11597.0,0.0
65,0,0,1,0.0,0.0,0.0,5343.471999999999,3.963999999999999,1348,11654.0,0.0
65,0,0,1,0.0,0.0,0.0,6334.440430107522,4.699139784946233,1348,11568.0,0.0
65,0,0,1,0.0,0.0,0.0,9641.495111111108,7.152444444444441,1348,17995.13,0.0
65,0,0,1,0.0,0.0,0.0,10834.441290322578,8.037419354838708,1348,19896.74,0.0
65,0,0,1,0.0,0.0,0.0,9511.951827956991,7.056344086021507,1348,13092.35,0.0
65,0,0,1,0.0,0.0,0.0,6455.1226666666635,4.788666666666664,1348,13020.17,0.0
65,0,0,1,0.0,0.0,0.0,2801.2309677419357,2.0780645161290323,1348,10687.0,0.0
65,0,0,1,0.0,0.0,0.0,2819.1173333333313,2.0913333333333317,1348,10563.0,0.0
65,0,0,1,0.0,0.0,0.0,10338.725161290326,7.669677419354841,1348,10323.0,0.0
70,0,0,279,0.0,0.0,0.0,112466.1423655914,10.112043010752688,11122,233120.13,16154.97789958226
70,0,0,279,0.0,0.0,0.0,97884.19238095237,8.80095238095238,11122,195840.44,18348.11669316359
70,0,0,281,0.0,0.0,0.0,89210.39913978493,8.021075268817203,11122,212507.96,15112.567501037043
70,0,0,289,0.0,0.0,0.0,44087.60799999999,3.963999999999999,11122,178449.35,9080.174961605117
70,0,0,289,0.0,0.0,0.0,52263.832688172006,4.699139784946233,11122,215694.29,43052.01300637057
70,0,0,291,0.0,0.0,0.0,79549.48711111107,7.152444444444441,11122,216864.21,64169.6833532024
70,0,0,294,0.0,0.0,0.0,89392.1780645161,8.037419354838708,11122,221734.76,74108.0947098854
70,0,0,324,0.0,0.0,0.0,78480.65892473121,7.056344086021507,11122,193427.55,70548.67369432152
70,0,0,324,0.0,0.0,0.0,53259.55066666664,4.788666666666664,11122,188106.28,57431.87610411648
70,0,0,324,0.0,0.0,0.0,23112.233548387096,2.0780645161290323,11122,190369.18,44898.28272241604
70,0,0,324,0.0,0.0,0.0,23259.809333333316,2.0913333333333317,11122,218081.53,23183.92836968544
70,0,0,325,0.0,0.0,0.0,85302.15225806454,7.669677419354841,11122,254822.94,9003.091531725711
71,0,0,153,1.0,1.0,0.0,58225.14365591398,10.112043010752688,5758,107945.88,2341.2705291147963
71,0,0,157,1.0,1.0,0.0,50675.8838095238,8.80095238095238,5758,86543.2,7880.204547564194
71,0,0,160,1.0,1.0,0.0,46185.35139784945,8.021075268817203,5758,90561.58,5749.93874885151
71,0,0,161,1.0,1.0,0.0,22824.711999999996,3.963999999999999,5758,74736.58,2764.388799422776
71,0,0,163,1.0,1.0,0.0,27057.64688172041,4.699139784946233,5758,90220.35,17131.201388491576
71,0,0,164,1.0,1.0,0.0,41183.77511111109,7.152444444444441,5758,88779.41,24286.5469991535
71,0,0,173,1.0,1.0,0.0,46279.46064516128,8.037419354838708,5758,97015.03,29811.82037289428
71,0,0,174,1.0,1.0,0.0,40630.42924731184,7.056344086021507,5758,80408.51,27336.17273427603
71,0,0,174,1.0,1.0,0.0,27573.142666666652,4.788666666666664,5758,82363.18,27633.75779281671
71,0,0,174,1.0,1.0,0.0,11965.495483870967,2.0780645161290323,5758,69070.18,17122.398601896846
71,0,0,177,1.0,1.0,0.0,12041.897333333323,2.0913333333333317,5758,79346.31,9722.485281577816
71,0,0,189,1.0,1.0,0.0,44162.002580645174,7.669677419354841,5758,108854.24,3443.180126025364
72,0,0,1032,19.0,2.0,0.0,155765.9105376344,10.112043010752688,15404,151299.96,18750.3559788864
72,0,0,1033,19.0,2.0,0.0,135569.87047619047,8.80095238095238,15404,133586.89,16329.17122360974
72,0,0,1034,19.0,2.0,0.0,123556.64344086019,8.021075268817203,15404,142657.08,20446.45157529032
72,0,0,1036,19.0,2.0,0.0,61061.455999999984,3.963999999999999,15404,125562.74,16150.325000885765
72,0,0,1037,19.0,2.0,0.0,72385.54924731178,4.699139784946233,15404,142915.0,41885.23766406621
72,0,0,1040,19.0,2.0,0.0,110176.25422222217,7.152444444444441,15404,144685.7,52750.767760832365
72,0,0,1041,19.0,2.0,0.0,123808.40774193546,8.037419354838708,15404,149038.9,55639.396169596
72,0,0,1044,19.0,2.0,0.0,108695.9243010753,7.056344086021507,15404,123563.26,65247.22617617196
72,0,0,1054,19.0,2.0,0.0,73764.6213333333,4.788666666666664,15404,123779.5,64065.31881828731
72,0,0,1056,19.0,2.0,0.0,32010.505806451612,2.0780645161290323,15404,112374.5,29664.11357768619
72,0,0,1057,19.0,2.0,0.0,32214.898666666642,2.0913333333333317,15404,126403.52,38515.52235728797
72,0,0,1060,19.0,2.0,0.0,118143.71096774196,7.669677419354841,15404,144331.84,18197.411131728484
Entrance Gate,0,0,0,0.0,0.0,0.0,889.8597849462365,10.112043010752688,88,7060.53,0.0
Entrance Gate,0,0,0,0.0,0.0,0.0,774.4838095238094,8.80095238095238,88,6314.8,0.0
Entrance Gate,0,0,0,0.0,0.0,0.0,705.8546236559139,8.021075268817203,88,5585.28,0.0
Entrance Gate,0,0,0,0.0,0.0,0.0,348.83199999999994,3.963999999999999,88,4368.44,0.0
Entrance Gate,0,0,0,0.0,0.0,0.0,413.5243010752685,4.699139784946233,88,5944.16,0.0
Entrance Gate,0,0,0,0.0,0.0,0.0,629.4151111111108,7.152444444444441,88,7412.15,0.0
Entrance Gate,0,0,0,0.0,0.0,0.0,707.2929032258063,8.037419354838708,88,9436.29,0.0
Entrance Gate,0,0,0,0.0,0.0,0.0,620.9582795698926,7.056344086021507,88,11898.75,0.0
Entrance Gate,0,0,0,0.0,0.0,0.0,421.40266666666645,4.788666666666664,88,8810.36,0.0
Entrance Gate,0,0,0,0.0,0.0,0.0,182.86967741935484,2.0780645161290323,88,7348.2,0.0
Entrance Gate,0,0,0,0.0,0.0,0.0,184.03733333333318,2.0913333333333317,88,5279.46,0.0
Entrance Gate,0,0,0,0.0,0.0,0.0,674.931612903226,7.669677419354841,88,5027.67,0.0
74,0,0,330,0.0,0.0,0.0,55747.69311827957,10.112043010752688,5513,57074.41,1763.4600013623976
74,0,0,330,0.0,0.0,0.0,48519.650476190465,8.80095238095238,5513,45343.53,1099.2688868618952
74,0,0,330,0.0,0.0,0.0,44220.18795698924,8.021075268817203,5513,61550.85,1210.744673570449
74,0,0,331,0.0,0.0,0.0,21853.531999999996,3.963999999999999,5513,43362.13,1642.5030615270027
74,0,0,333,0.0,0.0,0.0,25906.35763440858,4.699139784946233,5513,53600.88,3919.1293263287134
74,0,0,333,0.0,0.0,0.0,39431.4262222222,7.152444444444441,5513,56308.25,5885.874053283366
74,0,0,335,0.0,0.0,0.0,44310.292903225796,8.037419354838708,5513,56510.99,6383.409033112482
74,0,0,335,0.0,0.0,0.0,38901.624946236574,7.056344086021507,5513,47472.06,5289.510696807027
74,0,0,336,0.0,0.0,0.0,26399.91933333332,4.788666666666664,5513,47148.67,4430.364203355674
74,0,0,336,0.0,0.0,0.0,11456.369677419356,2.0780645161290323,5513,40383.17,2006.5038487287784
74,0,0,337,0.0,0.0,0.0,11529.520666666658,2.0913333333333317,5513,44277.24,1605.2967331901011
74,0,0,338,0.0,0.0,0.0,42282.93161290324,7.669677419354841,5513,49489.85,1304.394031215893
90,0,0,92,0.0,0.0,0.0,54979.177849462365,10.112043010752688,5437,88198.4,2640.193905720957
90,0,0,92,0.0,0.0,0.0,47850.778095238085,8.80095238095238,5437,66716.61,2849.5406777677285
90,0,0,92,0.0,0.0,0.0,43610.58623655913,8.021075268817203,5437,64739.16,6466.260599519557
90,0,0,92,0.0,0.0,0.0,21552.267999999996,3.963999999999999,5437,79615.91,4606.552790734068
90,0,0,92,0.0,0.0,0.0,25549.22301075267,4.699139784946233,5437,82628.53,19944.402348144755
90,0,0,92,0.0,0.0,0.0,38887.840444444424,7.152444444444441,5437,80378.02,29850.68094235025
90,0,0,92,0.0,0.0,0.0,43699.44903225805,8.037419354838708,5437,77376.6,33816.86597923635
90,0,0,92,0.0,0.0,0.0,38365.34279569893,7.056344086021507,5437,62407.85,32095.14725504522
90,0,0,93,0.0,0.0,0.0,26035.98066666665,4.788666666666664,5437,61056.21,27041.60423315772
90,0,0,93,0.0,0.0,0.0,11298.43677419355,2.0780645161290323,5437,41817.55,12725.682121608928
90,0,0,93,0.0,0.0,0.0,11370.579333333324,2.0913333333333317,5437,50478.65,16181.74226162947
90,0,0,93,0.0,0.0,0.0,41700.03612903227,7.669677419354841,5437,60836.28,2799.368602372543
92,0,0,0,0.0,0.0,0.0,9555.880645161289,10.112043010752688,945,11164.48,458.8891792270081
92,0,0,0,0.0,0.0,0.0,8316.899999999998,8.80095238095238,945,7616.26,495.275901789879
92,0,0,0,0.0,0.0,0.0,7579.916129032256,8.021075268817203,945,10398.25,1123.889043518273
92,0,0,0,0.0,0.0,0.0,3745.979999999999,3.963999999999999,945,11727.74,800.6643440590739
92,0,0,0,0.0,0.0,0.0,4440.687096774191,4.699139784946233,945,7582.47,3466.5209316476166
92,0,0,0,0.0,0.0,0.0,6759.059999999997,7.152444444444441,945,6439.63,5188.323606112336
92,0,0,0,0.0,0.0,0.0,7595.3612903225785,8.037419354838708,945,6108.51,5877.683368229388
92,0,0,0,0.0,0.0,0.0,6668.245161290324,7.056344086021507,945,14536.59,5578.431375263927
92,0,0,0,0.0,0.0,0.0,4525.289999999997,4.788666666666664,945,13863.3,4700.07405290439
92,0,0,0,0.0,0.0,0.0,1963.7709677419355,2.0780645161290323,945,12774.96,2211.835142400782
92,0,0,0,0.0,0.0,0.0,1976.3099999999986,2.0913333333333317,945,17670.46,2812.537960397112
92,0,0,0,0.0,0.0,0.0,7247.8451612903245,7.669677419354841,945,19238.27,486.5527918982247
93,0,0,186,16.0,0.0,0.0,4176.2737634408595,10.112043010752688,413,1285.42,200.55665523435243
93,0,0,186,16.0,0.0,0.0,3634.7933333333326,8.80095238095238,413,4354.45,216.45356257466128
93,0,0,186,16.0,0.0,0.0,3312.7040860215047,8.021075268817203,413,4404.08,491.1814932390874
93,0,0,186,16.0,0.0,0.0,1637.1319999999996,3.963999999999999,413,4189.57,349.9159239778258
93,0,0,186,16.0,0.0,0.0,1940.7447311827943,4.699139784946233,413,4469.72,1514.9930758019716
93,0,0,186,16.0,0.0,0.0,2953.9595555555543,7.152444444444441,413,4398.95,2267.4892012664395
93,0,0,189,16.0,0.0,0.0,3319.4541935483862,8.037419354838708,413,4414.03,2568.763708934528
93,0,0,189,16.0,0.0,0.0,2914.2701075268824,7.056344086021507,413,3954.66,2437.9798415702858
93,0,0,189,16.0,0.0,0.0,1977.7193333333323,4.788666666666664,413,3850.05,2054.1121039430054
93,0,0,190,16.0,0.0,0.0,858.2406451612903,2.0780645161290323,413,3557.93,966.6562478798978
93,0,0,190,16.0,0.0,0.0,863.720666666666,2.0913333333333317,413,3880.97,1229.1833649780986
93,0,0,191,16.0,0.0,0.0,3167.576774193549,7.669677419354841,413,4571.89,212.64830564197092
93A,0,0,69,0.0,0.0,0.0,3761.68,10.112043010752688,372,4285.42,0.0
93A,0,0,71,0.0,0.0,0.0,3273.954285714285,8.80095238095238,372,2644.74,0.0
93A,0,0,71,0.0,0.0,0.0,2983.8399999999997,8.021075268817203,372,3831.05,0.0
93A,0,0,72,0.0,0.0,0.0,1474.6079999999997,3.963999999999999,372,2477.37,0.0
93A,0,0,72,0.0,0.0,0.0,1748.0799999999988,4.699139784946233,372,4231.67,0.0
93A,0,0,74,0.0,0.0,0.0,2660.7093333333323,7.152444444444441,372,4357.2,0.0
93A,0,0,76,0.0,0.0,0.0,2989.919999999999,8.037419354838708,372,5764.22,0.0
93A,0,0,78,0.0,0.0,0.0,2624.960000000001,7.056344086021507,372,4147.34,0.0
93A,0,0,78,0.0,0.0,0.0,1781.383999999999,4.788666666666664,372,4159.07,0.0
93A,0,0,78,0.0,0.0,0.0,773.04,2.0780645161290323,372,3300.42,0.0
93A,0,0,79,0.0,0.0,0.0,777.9759999999994,2.0913333333333317,372,2706.5,0.0
93A,0,0,82,0.0,0.0,0.0,2853.120000000001,7.669677419354841,372,3162.74,0.0
94,0,0,0,0.0,0.0,0.0,4095.3774193548384,10.112043010752688,405,2908.51,0.0
94,0,0,0,0.0,0.0,0.0,3564.3857142857137,8.80095238095238,405,2190.9,0.0
94,0,0,0,0.0,0.0,0.0,3248.5354838709673,8.021075268817203,405,2347.43,0.0
94,0,0,0,0.0,0.0,0.0,1605.4199999999996,3.963999999999999,405,2649.77,0.0
94,0,0,0,0.0,0.0,0.0,1903.1516129032243,4.699139784946233,405,4761.73,0.0
94,0,0,0,0.0,0.0,0.0,2896.739999999999,7.152444444444441,405,6166.04,0.0
94,0,0,0,0.0,0.0,0.0,3255.1548387096764,8.037419354838708,405,6355.04,0.0
94,0,0,0,0.0,0.0,0.0,2857.8193548387103,7.056344086021507,405,6760.5,0.0
94,0,0,0,0.0,0.0,0.0,1939.409999999999,4.788666666666664,405,5763.86,0.0
94,0,0,0,0.0,0.0,0.0,841.6161290322581,2.0780645161290323,405,3540.98,0.0
94,0,0,0,0.0,0.0,0.0,846.9899999999993,2.0913333333333317,405,3080.18,0.0
94,0,0,0,0.0,0.0,0.0,3106.2193548387104,7.669677419354841,405,2378.77,0.0
95,1,52,0,0.0,10.0,15865.795483870967,0.0,10.112043010752688,1569,104614.92,4877.473055087745
95,1,52,0,0.0,10.0,13808.694285714284,0.0,8.80095238095238,1569,87338.34,15783.48282514904
95,1,52,0,0.0,10.0,12585.067096774192,0.0,8.021075268817203,1569,94767.41,28859.106627781468
95,1,54,0,0.0,10.0,6219.515999999999,0.0,3.963999999999999,1569,80995.69,20027.56469480346
95,1,55,0,0.0,10.0,7372.950322580639,0.0,4.699139784946233,1569,86469.52,41601.6108287325
95,1,56,0,0.0,10.0,11222.18533333333,0.0,7.152444444444441,1569,127632.84,41034.809929652205
95,1,59,0,0.0,10.0,12610.710967741932,0.0,8.037419354838708,1569,128236.9,32112.30133375476
95,1,59,0,0.0,10.0,11071.403870967744,0.0,7.056344086021507,1569,130000.0,13216.260965616715
95,1,60,0,0.0,10.0,7513.417999999996,0.0,4.788666666666664,1569,188069.61,44106.31750668584
95,1,60,0,0.0,10.0,3260.4832258064516,0.0,2.0780645161290323,1569,73901.05,21964.69873517304
95,1,60,0,0.0,10.0,3281.3019999999974,0.0,2.0913333333333317,1569,105087.47,28970.633992409967
95,1,60,0,0.0,10.0,12033.723870967746,0.0,7.669677419354841,1569,105344.25,3907.924163556897
96,1,48,0,0.0,1.0,44594.10967741935,0.0,10.112043010752688,4410,88366.0,7163.145002557606
96,1,49,0,0.0,1.0,38812.2,0.0,8.80095238095238,4410,76811.78,6090.106057273002
96,1,49,0,0.0,1.0,35372.94193548387,0.0,8.021075268817203,4410,58880.26,7025.570040311663
96,1,49,0,0.0,1.0,17481.239999999994,0.0,3.963999999999999,4410,43592.1,5272.655108743165
96,1,50,0,0.0,1.0,20723.20645161289,0.0,4.699139784946233,4410,48582.23,40937.65196836125
96,1,50,0,0.0,1.0,31542.279999999984,0.0,7.152444444444441,4410,52370.9,48997.06569027717
96,1,52,0,0.0,1.0,35445.0193548387,0.0,8.037419354838708,4410,57406.63,57665.192540802345
96,1,53,0,0.0,1.0,31118.477419354847,0.0,7.056344086021507,4410,49496.88,64012.10483286791
96,1,53,0,0.0,1.0,21118.01999999999,0.0,4.788666666666664,4410,47367.99,48126.90316772136
96,1,70,0,0.0,1.0,9164.264516129033,0.0,2.0780645161290323,4410,48827.19,10841.63633384481
96,1,70,0,0.0,1.0,9222.779999999993,0.0,2.0913333333333317,4410,44417.87,35348.11195299254
96,1,70,0,0.0,1.0,33823.27741935485,0.0,7.669677419354841,4410,55670.85,25883.986901782704
97,0,0,43,2.0,1.0,0.0,13226.552258064516,10.112043010752688,1308,24642.74,1483.510126744159
97,0,0,43,2.0,1.0,0.0,11511.645714285713,8.80095238095238,1308,19536.57,5710.730458351821
97,0,0,43,2.0,1.0,0.0,10491.566451612902,8.021075268817203,1308,18696.82,6849.061632757117
97,0,0,43,2.0,1.0,0.0,5184.911999999998,3.963999999999999,1308,16795.89,5195.6477679690415
97,0,0,43,2.0,1.0,0.0,6146.474838709672,4.699139784946233,1308,11285.27,3691.299013937208
97,0,0,43,2.0,1.0,0.0,9355.397333333329,7.152444444444441,1308,10269.22,4360.535142115778
97,0,0,43,2.0,1.0,0.0,10512.94451612903,8.037419354838708,1308,10776.67,4639.174771771684
97,0,0,43,2.0,1.0,0.0,9229.698064516131,7.056344086021507,1308,9411.7,4814.097403066405
97,0,0,43,2.0,1.0,0.0,6263.575999999996,4.788666666666664,1308,9467.96,4253.523541690105
97,0,0,43,2.0,1.0,0.0,2718.108387096774,2.0780645161290323,1308,8119.66,4258.095281247649
97,0,0,43,2.0,1.0,0.0,2735.4639999999977,2.0913333333333317,1308,10293.49,3221.476883583572
97,0,0,43,2.0,1.0,0.0,10031.93806451613,7.669677419354841,1308,21906.05,3711.114401020901
98,0,0,225,2.0,0.0,0.0,25856.493978494622,10.112043010752688,2557,30655.4,2900.1075548792733
98,0,0,225,2.0,0.0,0.0,22504.035238095235,8.80095238095238,2557,25172.49,11163.85743008294
98,0,0,230,2.0,0.0,0.0,20509.889462365587,8.021075268817203,2557,27167.12,13389.18853382623
98,0,0,230,2.0,0.0,0.0,10135.947999999999,3.963999999999999,2557,22821.21,10156.927888745004
98,0,0,230,2.0,0.0,0.0,12015.700430107518,4.699139784946233,2557,24424.67,7216.086798645482
98,0,0,230,2.0,0.0,0.0,18288.800444444438,7.152444444444441,2557,23721.99,8524.37769200904
98,0,0,230,2.0,0.0,0.0,20551.681290322576,8.037419354838708,2557,25919.2,9069.080675669557
98,0,0,230,2.0,0.0,0.0,18043.071827956996,7.056344086021507,2557,20434.93,9411.0460182413
98,0,0,233,2.0,0.0,0.0,12244.62066666666,4.788666666666664,2557,21682.98,8315.178171349828
98,0,0,233,2.0,0.0,0.0,5313.610967741935,2.0780645161290323,2557,20207.5,8324.107555265751
98,0,0,234,2.0,0.0,0.0,5347.5393333333295,2.0913333333333317,2557,21326.81,6297.641886735046
98,0,0,234,2.0,0.0,0.0,19611.365161290327,7.669677419354841,2557,27686.66,7254.816825973974
