building_number,lab,c_desktop,c_laptop,c_server,r_domestic,r_industrial,r_other,f_industrial,f_domestic,cv_0,cv_1,cv_2,cv_3,cv_4,delta_temperature,est_1,area_sm,direct_consumption,indirect_consumption
14,0,13,2.0,0.0,0.0,0.0,0.0,0.0,0.0,0,0,0,0,0,10.112043010752688,1,2953,32322.67,15.38357025933288
14,0,13,2.0,0.0,0.0,0.0,0.0,0.0,0.0,0,0,0,0,0,8.80095238095238,1,2953,20597.35,9.03809701269668
14,0,13,2.0,0.0,0.0,0.0,0.0,0.0,0.0,0,0,0,0,0,8.021075268817203,1,2953,19120.75,530.7257151315366
14,0,13,2.0,0.0,0.0,0.0,0.0,0.0,0.0,0,0,0,0,0,3.9639999999999986,1,2953,12793.32,401.9387344674528
14,0,13,2.0,0.0,0.0,0.0,0.0,0.0,0.0,0,0,0,0,0,4.699139784946233,1,2953,15889.49,9995.987708301873
14,0,13,2.0,0.0,0.0,0.0,0.0,0.0,0.0,0,0,0,0,0,7.152444444444441,1,2953,19220.65,16245.695145093116
14,0,13,2.0,0.0,0.0,0.0,0.0,0.0,0.0,0,0,0,0,0,8.037419354838708,1,2953,21234.02,17115.9676124819
14,0,13,2.0,0.0,0.0,0.0,0.0,0.0,0.0,0,0,0,0,0,7.056344086021507,1,2953,15783.52,17517.754382250183
14,0,13,2.0,0.0,0.0,0.0,0.0,0.0,0.0,0,0,0,0,0,4.788666666666664,1,2953,16713.58,15841.39569592784
14,0,13,2.0,0.0,0.0,0.0,0.0,0.0,0.0,0,0,0,0,0,2.0780645161290323,1,2953,13395.52,5030.039440032802
14,0,13,2.0,0.0,0.0,0.0,0.0,0.0,0.0,0,0,0,0,0,2.0913333333333313,1,2953,15324.38,5394.157564104752
14,0,13,2.0,0.0,0.0,0.0,0.0,0.0,0.0,0,0,0,0,0,7.669677419354841,1,2953,18731.01,576.6757857449041
15-16,0,679,79.0,22.0,8.0,0.0,0.0,0.0,0.0,0,0,0,0,0,10.112043010752688,0,6343,80986.07,10439.197465678437
15-16,0,680,79.0,22.0,8.0,0.0,0.0,0.0,0.0,0,0,0,0,0,8.80095238095238,0,6343,68354.88,11153.307076315175
15-16,0,682,79.0,22.0,8.0,0.0,0.0,0.0,0.0,0,0,0,0,0,8.021075268817203,0,6343,79253.44,21448.09447080288
15-16,0,682,79.0,22.0,8.0,0.0,0.0,0.0,0.0,0,0,0,0,0,3.9639999999999986,0,6343,71262.98,12477.416861571874
15-16,0,683,79.0,22.0,8.0,0.0,0.0,0.0,0.0,0,0,0,0,0,4.699139784946233,0,6343,78553.85,37633.78855095777
15-16,0,683,79.0,22.0,8.0,0.0,0.0,0.0,0.0,0,0,0,0,0,7.152444444444441,0,6343,80835.15,52243.4040758016
15-16,0,685,79.0,22.0,8.0,0.0,0.0,0.0,0.0,0,0,0,0,0,8.037419354838708,0,6343,78680.25,52727.33122843698
15-16,0,686,79.0,22.0,8.0,0.0,0.0,0.0,0.0,0,0,0,0,0,7.056344086021507,0,6343,74845.36,59835.23096840756
15-16,0,701,79.0,22.0,8.0,0.0,0.0,0.0,0.0,0,0,0,0,0,4.788666666666664,0,6343,74679.36,47330.1921732689
15-16,0,707,79.0,22.0,8.0,0.0,0.0,0.0,0.0,0,0,0,0,0,2.0780645161290323,0,6343,72665.16,25206.56242919572
15-16,0,736,79.0,22.0,8.0,0.0,0.0,0.0,0.0,0,0,0,0,0,2.0913333333333313,0,6343,75472.21,18107.36206732732
15-16,0,738,79.0,22.0,8.0,0.0,0.0,0.0,0.0,0,0,0,0,0,7.669677419354841,0,6343,84106.24,11614.3661029689
17,0,94,21.0,0.0,5.0,0.0,0.0,0.0,0.0,0,0,0,0,0,10.112043010752688,0,1580,17116.72,89.1262111823355
17,0,95,21.0,0.0,5.0,0.0,0.0,0.0,0.0,0,0,0,0,0,8.80095238095238,0,1580,13160.29,36.861258404723706
17,0,95,21.0,0.0,5.0,0.0,0.0,0.0,0.0,0,0,0,0,0,8.021075268817203,0,1580,14924.58,1618.4559255168233
17,0,95,21.0,0.0,5.0,0.0,0.0,0.0,0.0,0,0,0,0,0,3.9639999999999986,0,1580,12083.06,1150.2904242981003
17,0,95,21.0,0.0,5.0,0.0,0.0,0.0,0.0,0,0,0,0,0,4.699139784946233,0,1580,10763.36,4649.029531995298
17,0,95,21.0,0.0,5.0,0.0,0.0,0.0,0.0,0,0,0,0,0,7.152444444444441,0,1580,9963.47,6094.030262120499
17,0,95,22.0,0.0,5.0,0.0,0.0,0.0,0.0,0,0,0,0,0,8.037419354838708,0,1580,10674.28,7961.918841289776
17,0,95,22.0,0.0,5.0,0.0,0.0,0.0,0.0,0,0,0,0,0,7.056344086021507,0,1580,9750.88,7159.526442845409
17,0,95,22.0,0.0,5.0,0.0,0.0,0.0,0.0,0,0,0,0,0,4.788666666666664,0,1580,10825.56,8941.58399325496
17,0,95,22.0,0.0,5.0,0.0,0.0,0.0,0.0,0,0,0,0,0,2.0780645161290323,0,1580,9763.25,2084.016040589261
17,0,95,22.0,0.0,5.0,0.0,0.0,0.0,0.0,0,0,0,0,0,2.0913333333333313,0,1580,10313.2,1480.7583014334275
17,0,95,22.0,0.0,5.0,0.0,0.0,0.0,0.0,0,0,0,0,0,7.669677419354841,0,1580,14048.81,123.15988956486868
18,0,86,7.0,0.0,4.0,0.0,0.0,0.0,0.0,0,0,0,0,0,10.112043010752688,0,1792,34066.53,2292.411169487429
18,0,86,7.0,0.0,4.0,0.0,0.0,0.0,0.0,0,0,0,0,0,8.80095238095238,0,1792,25909.36,1631.0279828677317
18,0,86,7.0,0.0,4.0,0.0,0.0,0.0,0.0,0,0,0,0,0,8.021075268817203,0,1792,19466.09,2255.569283153181
18,0,86,7.0,0.0,4.0,0.0,0.0,0.0,0.0,0,0,0,0,0,3.9639999999999986,0,1792,15055.7,3930.9850043407546
18,0,86,7.0,0.0,4.0,0.0,0.0,0.0,0.0,0,0,0,0,0,4.699139784946233,0,1792,17135.52,8203.516174349907
18,0,86,7.0,0.0,4.0,0.0,0.0,0.0,0.0,0,0,0,0,0,7.152444444444441,0,1792,17391.83,13403.740135770202
18,0,86,7.0,0.0,4.0,0.0,0.0,0.0,0.0,0,0,0,0,0,8.037419354838708,0,1792,18756.38,14978.1489235957
18,0,86,7.0,0.0,4.0,0.0,0.0,0.0,0.0,0,0,0,0,0,7.056344086021507,0,1792,18569.44,15811.166336543693
18,0,86,7.0,0.0,4.0,0.0,0.0,0.0,0.0,0,0,0,0,0,4.788666666666664,0,1792,16230.71,11848.774279208872
18,0,86,7.0,0.0,4.0,0.0,0.0,0.0,0.0,0,0,0,0,0,2.0780645161290323,0,1792,16298.52,7962.037259265045
18,0,90,7.0,0.0,4.0,0.0,0.0,0.0,0.0,0,0,0,0,0,2.0913333333333313,0,1792,16068.0,4447.665482754032
18,0,91,7.0,0.0,4.0,0.0,0.0,0.0,0.0,0,0,0,0,0,7.669677419354841,0,1792,20430.97,2771.51193334478
22,0,280,5.0,9.0,2.0,0.0,0.0,0.0,0.0,0,0,0,0,0,10.112043010752688,0,10061,96588.84,6928.762636811999
22,0,301,5.0,9.0,2.0,0.0,0.0,0.0,0.0,0,0,0,0,0,8.80095238095238,0,10061,86662.73,8614.582419737022
22,0,301,5.0,9.0,2.0,0.0,0.0,0.0,0.0,0,0,0,0,0,8.021075268817203,0,10061,88725.18,15711.349134173526
22,0,302,5.0,9.0,2.0,0.0,0.0,0.0,0.0,0,0,0,0,0,3.9639999999999986,0,10061,74535.23,14100.583205096123
22,0,302,5.0,9.0,2.0,0.0,0.0,0.0,0.0,0,0,0,0,0,4.699139784946233,0,10061,97250.64,38769.964737528186
22,0,302,5.0,9.0,2.0,0.0,0.0,0.0,0.0,0,0,0,0,0,7.152444444444441,0,10061,100709.34,58714.03387367901
22,0,302,5.0,9.0,2.0,0.0,0.0,0.0,0.0,0,0,0,0,0,8.037419354838708,0,10061,106762.79,73362.23061594901
22,0,302,5.0,9.0,2.0,0.0,0.0,0.0,0.0,0,0,0,0,0,7.056344086021507,0,10061,77097.23,48608.05203723413
22,0,302,5.0,9.0,2.0,0.0,0.0,0.0,0.0,0,0,0,0,0,4.788666666666664,0,10061,88570.44,53645.57816658267
22,0,302,5.0,9.0,2.0,0.0,0.0,0.0,0.0,0,0,0,0,0,2.0780645161290323,0,10061,93544.0,27310.9367080542
22,0,302,5.0,9.0,2.0,0.0,0.0,0.0,0.0,0,0,0,0,0,2.0913333333333313,0,10061,115000.0,27913.68618290532
22,0,302,5.0,9.0,2.0,0.0,0.0,0.0,0.0,0,0,0,0,0,7.669677419354841,0,10061,97697.14,18757.00511996171
25,0,0,0.0,0.0,0.0,0.0,0.0,0.0,0.0,0,0,0,0,0,10.112043010752688,1,2405,14284.34,13.37476369640399
25,0,0,0.0,0.0,0.0,0.0,0.0,0.0,0.0,0,0,0,0,0,8.80095238095238,1,2405,11909.18,0.0
25,0,0,0.0,0.0,0.0,0.0,0.0,0.0,0.0,0,0,0,0,0,8.021075268817203,1,2405,12303.99,641.1470123284847
25,0,0,0.0,0.0,0.0,0.0,0.0,0.0,0.0,0,0,0,0,0,3.9639999999999986,1,2405,10568.74,90.58859024928849
25,0,0,0.0,0.0,0.0,0.0,0.0,0.0,0.0,0,0,0,0,0,4.699139784946233,1,2405,12024.1,1697.2046253393155
25,0,0,0.0,0.0,0.0,0.0,0.0,0.0,0.0,0,0,0,0,0,7.152444444444441,1,2405,14670.56,3256.415845496321
25,0,0,0.0,0.0,0.0,0.0,0.0,0.0,0.0,0,0,0,0,0,8.037419354838708,1,2405,14752.14,3308.315151034204
25,0,0,0.0,0.0,0.0,0.0,0.0,0.0,0.0,0,0,0,0,0,7.056344086021507,1,2405,12468.55,5339.554768939537
25,0,0,0.0,0.0,0.0,0.0,0.0,0.0,0.0,0,0,0,0,0,4.788666666666664,1,2405,11566.03,5150.032917307701
25,0,0,0.0,0.0,0.0,0.0,0.0,0.0,0.0,0,0,0,0,0,2.0780645161290323,1,2405,11800.86,3650.628770107457
25,0,0,0.0,0.0,0.0,0.0,0.0,0.0,0.0,0,0,0,0,0,2.0913333333333313,1,2405,12432.62,4649.556524029954
25,0,0,0.0,0.0,0.0,0.0,0.0,0.0,0.0,0,0,0,0,0,7.669677419354841,1,2405,14084.1,15479.566346896512
26,0,10,1.0,0.0,2.0,0.0,0.0,0.0,0.0,0,0,0,0,0,10.112043010752688,0,2883,37323.34,0.0
26,0,10,1.0,0.0,2.0,0.0,0.0,0.0,0.0,0,0,0,0,0,8.80095238095238,0,2883,31400.99,0.0
26,0,10,1.0,0.0,2.0,0.0,0.0,0.0,0.0,0,0,0,0,0,8.021075268817203,0,2883,30622.81,184.2275741231098
26,0,10,1.0,0.0,2.0,0.0,0.0,0.0,0.0,0,0,0,0,0,3.9639999999999986,0,2883,23948.81,1552.3285337617128
26,0,10,1.0,0.0,2.0,0.0,0.0,0.0,0.0,0,0,0,0,0,4.699139784946233,0,2883,28444.66,1562.379497096451
26,0,10,1.0,0.0,2.0,0.0,0.0,0.0,0.0,0,0,0,0,0,7.152444444444441,0,2883,26581.0,3420.154334176208
26,0,10,1.0,0.0,2.0,0.0,0.0,0.0,0.0,0,0,0,0,0,8.037419354838708,0,2883,29383.33,4914.10711071297
26,0,10,1.0,0.0,2.0,0.0,0.0,0.0,0.0,0,0,0,0,0,7.056344086021507,0,2883,27856.74,3364.7710408198213
26,0,11,1.0,0.0,2.0,0.0,0.0,0.0,0.0,0,0,0,0,0,4.788666666666664,0,2883,25817.91,8706.351379760246
26,0,11,1.0,0.0,2.0,0.0,0.0,0.0,0.0,0,0,0,0,0,2.0780645161290323,0,2883,25477.89,9091.136474042056
26,0,11,1.0,0.0,2.0,0.0,0.0,0.0,0.0,0,0,0,0,0,2.0913333333333313,0,2883,28014.99,334.7271656118084
26,0,11,1.0,0.0,2.0,0.0,0.0,0.0,0.0,0,0,0,0,0,7.669677419354841,0,2883,31236.1,0.0
28,0,0,0.0,0.0,0.0,0.0,0.0,0.0,0.0,0,0,0,0,0,10.112043010752688,0,2903,19830.62,0.0
28,0,0,0.0,0.0,0.0,0.0,0.0,0.0,0.0,0,0,0,0,0,8.80095238095238,0,2903,17332.84,0.0
28,0,0,0.0,0.0,0.0,0.0,0.0,0.0,0.0,0,0,0,0,0,8.021075268817203,0,2903,18593.42,179.37758455281548
28,0,0,0.0,0.0,0.0,0.0,0.0,0.0,0.0,0,0,0,0,0,3.9639999999999986,0,2903,17016.74,4282.242490766737
28,0,0,0.0,0.0,0.0,0.0,0.0,0.0,0.0,0,0,0,0,0,4.699139784946233,0,2903,15507.43,5029.965415506246
28,0,0,0.0,0.0,0.0,0.0,0.0,0.0,0.0,0,0,0,0,0,7.152444444444441,0,2903,14721.8,8589.385403173117
28,0,0,0.0,0.0,0.0,0.0,0.0,0.0,0.0,0,0,0,0,0,8.037419354838708,0,2903,27656.55,7397.367585664676
28,0,0,0.0,0.0,0.0,0.0,0.0,0.0,0.0,0,0,0,0,0,7.056344086021507,0,2903,16064.41,8828.276813672997
28,0,0,0.0,0.0,0.0,0.0,0.0,0.0,0.0,0,0,0,0,0,4.788666666666664,0,2903,16182.9,9893.279443939744
28,0,0,0.0,0.0,0.0,0.0,0.0,0.0,0.0,0,0,0,0,0,2.0780645161290323,0,2903,15106.5,10244.823319654031
28,0,0,0.0,0.0,0.0,0.0,0.0,0.0,0.0,0,0,0,0,0,2.0913333333333313,0,2903,17523.56,4554.921924508577
28,0,0,0.0,0.0,0.0,0.0,0.0,0.0,0.0,0,0,0,0,0,7.669677419354841,0,2903,18811.9,614.4914405850111
29,1,109,36.0,0.0,11.0,6.0,6.0,2.0,2.0,29,24,16,0,0,10.112043010752688,0,4295,85861.55,16083.606946407748
29,1,109,36.0,0.0,11.0,6.0,6.0,2.0,2.0,29,24,16,0,0,8.80095238095238,0,4295,78447.22,16511.315461053848
29,1,109,36.0,0.0,11.0,6.0,6.0,2.0,2.0,29,24,16,0,0,8.021075268817203,0,4295,86993.88,13809.853099501186
29,1,110,36.0,0.0,11.0,6.0,6.0,2.0,2.0,29,24,16,0,0,3.9639999999999986,0,4295,77298.03,11622.228769619818
29,1,110,36.0,0.0,11.0,6.0,6.0,2.0,2.0,29,24,16,0,0,4.699139784946233,0,4295,89654.63,3846.512600091066
29,1,112,36.0,0.0,11.0,6.0,6.0,2.0,2.0,29,24,16,0,0,7.152444444444441,0,4295,87487.21,15816.96802522456
29,1,113,36.0,0.0,11.0,6.0,6.0,2.0,2.0,29,24,16,0,0,8.037419354838708,0,4295,101537.37,45904.46450976954
29,1,113,36.0,0.0,11.0,6.0,6.0,2.0,2.0,29,24,16,0,0,7.056344086021507,0,4295,79497.73,8390.064995661132
29,1,113,36.0,0.0,11.0,6.0,6.0,2.0,2.0,29,24,16,0,0,4.788666666666664,0,4295,76146.17,33919.42474611264
29,1,113,36.0,0.0,11.0,6.0,6.0,2.0,2.0,29,24,16,0,0,2.0780645161290323,0,4295,73374.82,42779.01412325168
29,1,113,36.0,0.0,11.0,6.0,6.0,2.0,2.0,29,24,16,0,0,2.0913333333333313,0,4295,77281.7,14374.49605270866
29,1,113,36.0,0.0,11.0,6.0,7.0,2.0,2.0,29,24,16,0,0,7.669677419354841,0,4295,83243.98,19061.589498792004
30,0,363,44.0,3.0,2.0,0.0,0.0,0.0,0.0,0,0,0,0,0,10.112043010752688,0,2668,21694.04,76.29576926427353
30,0,364,44.0,3.0,2.0,0.0,0.0,0.0,0.0,0,0,0,0,0,8.80095238095238,0,2668,34745.32,0.0
30,0,364,44.0,3.0,2.0,0.0,0.0,0.0,0.0,0,0,0,0,0,8.021075268817203,0,2668,19937.21,64.17832733364688
30,0,364,44.0,3.0,2.0,0.0,0.0,0.0,0.0,0,0,0,0,0,3.9639999999999986,0,2668,18405.76,1552.3285337617128
30,0,365,44.0,3.0,2.0,0.0,0.0,0.0,0.0,0,0,0,0,0,4.699139784946233,0,2668,22144.84,1562.379497096451
30,0,365,44.0,3.0,2.0,0.0,0.0,0.0,0.0,0,0,0,0,0,7.152444444444441,0,2668,23414.2,13538.086032865398
30,0,365,44.0,3.0,2.0,0.0,0.0,0.0,0.0,0,0,0,0,0,8.037419354838708,0,2668,33746.64,4914.10711071297
30,0,366,44.0,3.0,2.0,0.0,0.0,0.0,0.0,0,0,0,0,0,7.056344086021507,0,2668,23875.65,3364.7710408198213
30,0,366,44.0,3.0,2.0,0.0,0.0,0.0,0.0,0,0,0,0,0,4.788666666666664,0,2668,21629.83,19955.041772583198
30,0,369,44.0,3.0,2.0,0.0,0.0,0.0,0.0,0,0,0,0,0,2.0780645161290323,0,2668,14303.69,9091.136474042056
30,0,373,44.0,3.0,2.0,0.0,0.0,0.0,0.0,0,0,0,0,0,2.0913333333333313,0,2668,20628.38,334.7271656118084
30,0,373,44.0,3.0,2.0,0.0,0.0,0.0,0.0,0,0,0,0,0,7.669677419354841,0,2668,22228.98,0.0
32,0,10,1.0,3.0,0.0,0.0,0.0,0.0,0.0,0,0,0,0,0,10.112043010752688,0,2425,16940.93,0.0
32,0,10,1.0,3.0,0.0,0.0,0.0,0.0,0.0,0,0,0,0,0,8.80095238095238,0,2425,13906.08,0.0
32,0,10,1.0,3.0,0.0,0.0,0.0,0.0,0.0,0,0,0,0,0,8.021075268817203,0,2425,14223.88,149.8334649179287
32,0,10,1.0,3.0,0.0,0.0,0.0,0.0,0.0,0,0,0,0,0,3.9639999999999986,0,2425,13857.62,3577.143768014618
32,0,10,1.0,3.0,0.0,0.0,0.0,0.0,0.0,0,0,0,0,0,4.699139784946233,0,2425,11281.1,4201.746071125096
32,0,10,1.0,3.0,0.0,0.0,0.0,0.0,0.0,0,0,0,0,0,7.152444444444441,0,2425,10002.99,7175.080674466945
32,0,10,1.0,3.0,0.0,0.0,0.0,0.0,0.0,0,0,0,0,0,8.037419354838708,0,2425,28613.14,6179.342900268919
32,0,10,1.0,3.0,0.0,0.0,0.0,0.0,0.0,0,0,0,0,0,7.056344086021507,0,2425,15246.85,7374.637236849167
32,0,10,1.0,3.0,0.0,0.0,0.0,0.0,0.0,0,0,0,0,0,4.788666666666664,0,2425,15196.68,8264.277847322304
32,0,10,1.0,3.0,0.0,0.0,0.0,0.0,0.0,0,0,0,0,0,2.0780645161290323,0,2425,12098.45,8557.935810198362
32,0,10,1.0,3.0,0.0,0.0,0.0,0.0,0.0,0,0,0,0,0,2.0913333333333313,0,2425,15582.44,3804.9156973663335
32,0,10,1.0,3.0,0.0,0.0,0.0,0.0,0.0,0,0,0,0,0,7.669677419354841,0,2425,17614.61,513.3216133209991
33,1,959,82.0,32.0,8.0,0.0,0.0,0.0,1.0,0,0,4,0,0,10.112043010752688,0,6400,91019.02,3166.682665801108
33,1,961,82.0,32.0,8.0,0.0,0.0,0.0,1.0,0,0,4,0,0,8.80095238095238,0,6400,80655.13,2767.866998488287
33,1,992,82.0,32.0,8.0,0.0,0.0,0.0,1.0,0,0,4,0,0,8.021075268817203,0,6400,86751.38,37123.596899885066
33,1,994,82.0,32.0,8.0,0.0,0.0,0.0,1.0,0,0,4,0,0,3.9639999999999986,0,6400,78857.63,14919.549110947954
33,1,1080,82.0,32.0,8.0,0.0,0.0,0.0,1.0,0,0,4,0,0,4.699139784946233,0,6400,72229.08,28270.512771839924
33,1,1081,82.0,32.0,8.0,0.0,0.0,0.0,1.0,0,0,4,0,0,7.152444444444441,0,6400,70786.04,41206.15710296951
33,1,1081,82.0,32.0,8.0,0.0,0.0,0.0,1.0,0,0,4,0,0,8.037419354838708,0,6400,109292.01,71116.6013472646
33,1,1090,82.0,32.0,8.0,0.0,0.0,0.0,1.0,0,0,4,0,0,7.056344086021507,0,6400,91346.83,70527.89478309563
33,1,1092,82.0,32.0,8.0,0.0,0.0,0.0,1.0,0,0,4,0,0,4.788666666666664,0,6400,91676.17,50172.241293157975
33,1,1092,82.0,32.0,8.0,0.0,0.0,0.0,1.0,0,0,4,0,0,2.0780645161290323,0,6400,85431.57,42127.43619072974
33,1,1103,82.0,32.0,8.0,0.0,0.0,0.0,1.0,0,0,4,0,0,2.0913333333333313,0,6400,92692.95,34572.774389701786
33,1,1105,82.0,32.0,8.0,0.0,0.0,0.0,1.0,0,0,4,0,0,7.669677419354841,0,6400,99644.07,8374.807737577441
34,0,301,17.0,1.0,6.0,0.0,0.0,0.0,0.0,0,0,0,0,0,10.112043010752688,0,4091,55471.47,3484.1518629979228
34,0,301,17.0,1.0,6.0,0.0,0.0,0.0,0.0,0,0,0,0,0,8.80095238095238,0,4091,44192.84,6647.833437244731
34,0,301,17.0,1.0,6.0,0.0,0.0,0.0,0.0,0,0,0,0,0,8.021075268817203,0,4091,47068.89,4779.988854491367
34,0,328,17.0,1.0,6.0,0.0,0.0,0.0,0.0,0,0,0,0,0,3.9639999999999986,0,4091,42774.9,12003.721098627404
34,0,328,17.0,1.0,6.0,0.0,0.0,0.0,0.0,0,0,0,0,0,4.699139784946233,0,4091,38005.99,17638.92559292668
34,0,328,17.0,1.0,6.0,0.0,0.0,0.0,0.0,0,0,0,0,0,7.152444444444441,0,4091,54620.34,28531.343120567974
34,0,328,17.0,1.0,6.0,0.0,0.0,0.0,0.0,0,0,0,0,0,8.037419354838708,0,4091,64508.41,32758.34228491077
34,0,330,17.0,1.0,6.0,0.0,0.0,0.0,0.0,0,0,0,0,0,7.056344086021507,0,4091,44212.56,27685.64016236104
34,0,330,17.0,1.0,6.0,0.0,0.0,0.0,0.0,0,0,0,0,0,4.788666666666664,0,4091,46155.86,26298.44825366548
34,0,334,17.0,1.0,6.0,0.0,0.0,0.0,0.0,0,0,0,0,0,2.0780645161290323,0,4091,39947.61,15195.167286799164
34,0,338,17.0,1.0,6.0,0.0,0.0,0.0,0.0,0,0,0,0,0,2.0913333333333313,0,4091,47225.71,13009.744752633564
34,0,342,17.0,1.0,6.0,0.0,0.0,0.0,0.0,0,0,0,0,0,7.669677419354841,0,4091,49964.84,10834.06855659009
35,0,291,1.0,0.0,0.0,0.0,0.0,0.0,0.0,0,0,0,0,0,10.112043010752688,1,5036,56217.33,10667.333091015453
35,0,291,1.0,0.0,0.0,0.0,0.0,0.0,0.0,0,0,0,0,0,8.80095238095238,1,5036,46986.77,9864.332668233845
35,0,291,1.0,0.0,0.0,0.0,0.0,0.0,0.0,0,0,0,0,0,8.021075268817203,1,5036,50310.17,19786.40881151717
35,0,291,1.0,0.0,0.0,0.0,0.0,0.0,0.0,0,0,0,0,0,3.9639999999999986,1,5036,43121.99,13704.499314152416
35,0,301,1.0,0.0,0.0,0.0,0.0,0.0,0.0,0,0,0,0,0,4.699139784946233,1,5036,52671.07,26610.857164301146
35,0,301,1.0,0.0,0.0,0.0,0.0,0.0,0.0,0,0,0,0,0,7.152444444444441,1,5036,55279.63,37617.84274396108
35,0,301,1.0,0.0,0.0,0.0,0.0,0.0,0.0,0,0,0,0,0,8.037419354838708,1,5036,58741.15,44957.3288949487
35,0,301,1.0,0.0,0.0,0.0,0.0,0.0,0.0,0,0,0,0,0,7.056344086021507,1,5036,43991.54,41598.54998042182
35,0,301,1.0,0.0,0.0,0.0,0.0,0.0,0.0,0,0,0,0,0,4.788666666666664,1,5036,45132.37,36693.3068022212
35,0,301,1.0,0.0,0.0,0.0,0.0,0.0,0.0,0,0,0,0,0,2.0780645161290323,1,5036,30103.55,26913.11089868679
35,0,301,1.0,0.0,0.0,0.0,0.0,0.0,0.0,0,0,0,0,0,2.0913333333333313,1,5036,50000.0,19656.065031059905
35,0,305,1.0,0.0,0.0,0.0,0.0,0.0,0.0,0,0,0,0,0,7.669677419354841,1,5036,55000.0,6843.144210885851
37,0,781,105.0,129.0,0.0,0.0,0.0,0.0,0.0,0,0,0,0,0,10.112043010752688,0,5730,135595.06,9062.672488463166
37,0,782,105.0,129.0,0.0,0.0,0.0,0.0,0.0,0,0,0,0,0,8.80095238095238,0,5730,123789.73,12442.96672573865
37,0,783,105.0,129.0,0.0,0.0,0.0,0.0,0.0,0,0,0,0,0,8.021075268817203,0,5730,133732.12,19490.955610243615
37,0,783,105.0,129.0,0.0,0.0,0.0,0.0,0.0,0,0,0,0,0,3.9639999999999986,0,5730,116187.89,13445.39557416524
37,0,784,105.0,129.0,0.0,0.0,0.0,0.0,0.0,0,0,0,0,0,4.699139784946233,0,5730,139473.42,36111.88953006909
37,0,784,105.0,129.0,0.0,0.0,0.0,0.0,0.0,0,0,0,0,0,7.152444444444441,0,5730,133848.56,39316.5827685808
37,0,784,105.0,129.0,0.0,0.0,0.0,0.0,0.0,0,0,0,0,0,8.037419354838708,0,5730,147883.47,47504.0230973835
37,0,785,105.0,129.0,0.0,0.0,0.0,0.0,0.0,0,0,0,0,0,7.056344086021507,0,5730,137096.25,82940.47447653388
37,0,879,105.0,129.0,0.0,0.0,0.0,0.0,0.0,0,0,0,0,0,4.788666666666664,0,5730,136582.0,75083.64728055563
37,0,879,105.0,129.0,0.0,0.0,0.0,0.0,0.0,0,0,0,0,0,2.0780645161290323,0,5730,135481.0,21034.015185683485
37,0,879,105.0,129.0,0.0,0.0,0.0,0.0,0.0,0,0,0,0,0,2.0913333333333313,0,5730,130983.0,20709.696685255603
37,0,880,105.0,129.0,0.0,0.0,0.0,0.0,0.0,0,0,0,0,0,7.669677419354841,0,5730,153504.0,9967.390730148436
38,1,46,4.0,0.0,0.0,1.0,0.0,1.0,1.0,0,0,0,0,4,10.112043010752688,0,1921,15582.61,3419.118370528392
38,1,46,4.0,0.0,0.0,1.0,0.0,1.0,1.0,0,0,0,0,4,8.80095238095238,0,1921,12980.78,2188.3418551329964
38,1,47,4.0,0.0,0.0,1.0,0.0,1.0,1.0,0,0,0,0,4,8.021075268817203,0,1921,15105.73,3273.3948171329644
38,1,47,4.0,0.0,0.0,1.0,0.0,1.0,1.0,0,0,0,0,4,3.9639999999999986,0,1921,13368.03,3475.118771957279
38,1,48,4.0,0.0,0.0,1.0,0.0,1.0,1.0,0,0,0,0,4,4.699139784946233,0,1921,15204.89,12956.211737360603
38,1,48,4.0,0.0,0.0,1.0,0.0,1.0,1.0,0,0,0,0,4,7.152444444444441,0,1921,13891.09,16754.768760580966
38,1,48,4.0,0.0,0.0,2.0,0.0,1.0,1.0,0,0,0,0,4,8.037419354838708,0,1921,13903.07,25280.21834160516
38,1,48,4.0,0.0,0.0,2.0,0.0,1.0,1.0,0,0,0,0,4,7.056344086021507,0,1921,12097.18,24854.45689689246
38,1,48,4.0,0.0,0.0,2.0,0.0,1.0,1.0,0,0,0,0,4,4.788666666666664,0,1921,12202.62,27276.4206451079
38,1,48,4.0,0.0,0.0,2.0,0.0,1.0,1.0,0,0,0,0,4,2.0780645161290323,0,1921,12847.45,12246.892021584126
38,1,48,4.0,0.0,0.0,2.0,0.0,1.0,1.0,0,0,0,0,4,2.0913333333333313,0,1921,14312.59,5710.01040082159
38,1,49,4.0,0.0,0.0,2.0,0.0,1.0,1.0,0,0,0,0,4,7.669677419354841,0,1921,14860.42,1976.3212352309972
39,1,265,19.0,4.0,25.0,6.0,7.0,2.0,8.0,2,0,1,0,30,10.112043010752688,0,4621,119101.69,17294.347061990848
39,1,265,19.0,4.0,25.0,6.0,7.0,2.0,8.0,2,0,1,0,30,8.80095238095238,0,4621,106997.79,18331.00928862191
39,1,268,19.0,4.0,25.0,6.0,7.0,2.0,8.0,2,0,1,0,30,8.021075268817203,0,4621,116192.2,21593.17398554794
39,1,268,19.0,4.0,25.0,6.0,7.0,2.0,8.0,2,0,1,0,30,3.9639999999999986,0,4621,104062.81,22927.558957735888
39,1,271,19.0,4.0,25.0,6.0,7.0,2.0,8.0,2,0,1,0,30,4.699139784946233,0,4621,104837.86,47875.43686548391
39,1,271,19.0,4.0,25.0,6.0,7.0,2.0,8.0,2,0,1,0,30,7.152444444444441,0,4621,92303.46,64530.02337271952
39,1,272,19.0,4.0,25.0,6.0,7.0,2.0,8.0,2,0,1,0,30,8.037419354838708,0,4621,107483.53,83649.75219581675
39,1,273,19.0,4.0,25.0,6.0,7.0,2.0,8.0,2,0,1,0,30,7.056344086021507,0,4621,110382.81,102031.04255437724
39,1,273,19.0,4.0,27.0,6.0,8.0,2.0,8.0,2,0,1,0,30,4.788666666666664,0,4621,107589.25,70033.46898786502
39,1,273,19.0,4.0,27.0,6.0,8.0,2.0,8.0,2,0,1,0,30,2.0780645161290323,0,4621,108008.82,59993.28199015113
39,1,280,19.0,4.0,27.0,6.0,9.0,2.0,8.0,2,0,1,0,30,2.0913333333333313,0,4621,103905.58,34085.3579937415
39,1,286,19.0,4.0,27.0,6.0,9.0,2.0,8.0,2,0,1,0,30,7.669677419354841,0,4621,112033.15,16165.441311275586
40,1,181,13.0,0.0,25.0,11.0,7.0,4.0,6.0,1,0,1,1,18,10.112043010752688,0,3956,93124.06,18891.01131841844
40,1,183,13.0,0.0,25.0,11.0,7.0,4.0,6.0,1,0,1,1,18,8.80095238095238,0,3956,75878.92,18777.32587796654
40,1,183,13.0,0.0,25.0,11.0,7.0,4.0,6.0,1,0,1,1,18,8.021075268817203,0,3956,81513.72,21063.01250187632
40,1,184,13.0,0.0,25.0,11.0,7.0,5.0,6.0,1,0,1,1,18,3.9639999999999986,0,3956,75871.12,18924.93286241364
40,1,184,13.0,0.0,25.0,11.0,7.0,5.0,6.0,1,0,1,1,18,4.699139784946233,0,3956,79655.33,27020.734337555437
40,1,184,13.0,0.0,25.0,11.0,7.0,5.0,6.0,1,0,1,1,18,7.152444444444441,0,3956,78427.85,38299.76098665764
40,1,186,13.0,0.0,25.0,11.0,7.0,5.0,6.0,1,0,1,1,18,8.037419354838708,0,3956,87168.33,55343.42496118954
40,1,188,13.0,0.0,25.0,11.0,7.0,5.0,6.0,1,0,1,1,18,7.056344086021507,0,3956,86828.03,56555.2792922493
40,1,188,13.0,0.0,25.0,11.0,7.0,5.0,6.0,1,0,1,1,18,4.788666666666664,0,3956,84543.39,56874.503708877215
40,1,188,13.0,0.0,25.0,11.0,7.0,5.0,6.0,1,0,1,1,18,2.0780645161290323,0,3956,77693.81,36585.22874177484
40,1,190,13.0,0.0,25.0,12.0,7.0,5.0,6.0,1,0,1,1,18,2.0913333333333313,0,3956,82908.64,28074.74614890148
40,1,191,13.0,0.0,26.0,12.0,7.0,5.0,6.0,1,0,1,1,18,7.669677419354841,0,3956,96510.94,20330.602581712294
41,1,197,33.0,3.0,4.0,0.0,6.0,0.0,0.0,0,0,0,0,22,10.112043010752688,1,4896,163417.63,29434.14832367552
41,1,198,33.0,3.0,4.0,0.0,6.0,0.0,0.0,0,0,0,0,22,8.80095238095238,1,4896,141544.24,24989.334007104902
41,1,198,33.0,3.0,4.0,0.0,6.0,0.0,0.0,0,0,0,0,22,8.021075268817203,1,4896,159604.99,32020.20737946757
41,1,198,33.0,3.0,4.0,0.0,6.0,0.0,0.0,0,0,0,0,22,3.9639999999999986,1,4896,143574.29,40601.38546224735
41,1,198,33.0,3.0,4.0,0.0,6.0,0.0,0.0,0,0,0,0,22,4.699139784946233,1,4896,126286.34,56777.72708600786
41,1,198,33.0,3.0,4.0,0.0,6.0,0.0,0.0,0,0,0,0,22,7.152444444444441,1,4896,147389.0,69117.4025435199
41,1,198,33.0,3.0,4.0,0.0,6.0,0.0,0.0,0,0,0,0,22,8.037419354838708,1,4896,151364.0,83135.62287511337
41,1,200,33.0,3.0,4.0,0.0,6.0,0.0,0.0,0,0,0,0,22,7.056344086021507,1,4896,150398.59,93166.15733197986
41,1,200,33.0,3.0,4.0,0.0,6.0,0.0,0.0,0,0,0,0,22,4.788666666666664,1,4896,143880.16,69484.96034693018
41,1,201,33.0,3.0,4.0,0.0,6.0,0.0,0.0,0,0,0,0,22,2.0780645161290323,1,4896,142621.52,56537.71966365069
41,1,203,33.0,3.0,4.0,0.0,6.0,0.0,0.0,0,0,0,0,22,2.0913333333333313,1,4896,148972.0,44246.262380943896
41,1,203,33.0,3.0,4.0,1.0,6.0,0.0,0.0,0,0,0,0,22,7.669677419354841,1,4896,152027.0,38905.9501022075
42,1,79,4.0,0.0,8.0,4.0,3.0,0.0,3.0,0,0,0,0,30,10.112043010752688,1,6190,80272.92,27810.086537738047
42,1,81,4.0,0.0,8.0,4.0,3.0,0.0,3.0,0,0,0,0,30,8.80095238095238,1,6190,85882.66,23797.06132980648
42,1,81,4.0,0.0,8.0,4.0,3.0,0.0,3.0,0,0,0,0,30,8.021075268817203,1,6190,89725.26,42251.53029672988
42,1,81,4.0,0.0,8.0,4.0,3.0,0.0,3.0,0,0,0,0,30,3.9639999999999986,1,6190,67642.95,30263.427087060616
42,1,82,4.0,0.0,8.0,4.0,3.0,0.0,3.0,0,0,0,0,30,4.699139784946233,1,6190,70321.21,33513.39868506717
42,1,88,4.0,0.0,8.0,4.0,3.0,0.0,3.0,0,0,0,0,30,7.152444444444441,1,6190,74957.28,52557.87951092855
42,1,90,4.0,0.0,8.0,4.0,3.0,0.0,4.0,0,0,0,0,30,8.037419354838708,1,6190,81522.43,66553.79281576547
42,1,93,4.0,0.0,8.0,4.0,3.0,0.0,4.0,0,0,0,0,30,7.056344086021507,1,6190,74905.99,72152.38078932423
42,1,93,4.0,0.0,9.0,4.0,3.0,0.0,4.0,0,0,0,0,30,4.788666666666664,1,6190,70625.62,75169.81224896465
42,1,97,4.0,0.0,9.0,4.0,3.0,0.0,4.0,0,0,0,0,30,2.0780645161290323,1,6190,63828.3,50558.27303893184
42,1,97,4.0,0.0,9.0,4.0,3.0,0.0,4.0,0,0,0,0,30,2.0913333333333313,1,6190,67886.66,26739.475031264505
42,1,99,4.0,0.0,9.0,4.0,3.0,0.0,4.0,0,0,0,0,30,7.669677419354841,1,6190,79586.1,21735.752022056968
50,0,2,8.0,300.0,0.0,0.0,0.0,0.0,0.0,0,0,0,0,0,10.112043010752688,0,1033,109794.99,12537.609761356298
50,0,2,8.0,300.0,0.0,0.0,0.0,0.0,0.0,0,0,0,0,0,8.80095238095238,0,1033,97677.23,10156.30455251459
50,0,2,8.0,300.0,0.0,0.0,0.0,0.0,0.0,0,0,0,0,0,8.021075268817203,0,1033,104601.42,12246.847921076416
50,0,2,8.0,300.0,0.0,0.0,0.0,0.0,0.0,0,0,0,0,0,3.9639999999999986,0,1033,98322.62,7785.517511635942
50,0,2,8.0,300.0,0.0,0.0,0.0,0.0,0.0,0,0,0,0,0,4.699139784946233,0,1033,105349.29,12032.044771178607
50,0,2,8.0,300.0,0.0,0.0,0.0,0.0,0.0,0,0,0,0,0,7.152444444444441,0,1033,103759.06,11794.351565981604
50,0,2,8.0,300.0,0.0,0.0,0.0,0.0,0.0,0,0,0,0,0,8.037419354838708,0,1033,104581.09,12404.360859117676
50,0,2,8.0,300.0,0.0,0.0,0.0,0.0,0.0,0,0,0,0,0,7.056344086021507,0,1033,107657.95,13995.20595219466
50,0,2,8.0,300.0,0.0,0.0,0.0,0.0,0.0,0,0,0,0,0,4.788666666666664,0,1033,109855.02,12195.290186759785
50,0,2,8.0,300.0,0.0,0.0,0.0,0.0,0.0,0,0,0,0,0,2.0780645161290323,0,1033,114574.96,14019.556184589575
50,0,2,8.0,300.0,0.0,0.0,0.0,0.0,0.0,0,0,0,0,0,2.0913333333333313,0,1033,114938.03,16477.435211446107
50,0,2,8.0,300.0,0.0,0.0,0.0,0.0,0.0,0,0,0,0,0,7.669677419354841,0,1033,122448.31,14437.097527715265
51,1,127,32.0,4.0,9.0,0.0,5.0,0.0,1.0,0,0,0,0,24,10.112043010752688,0,5725,181474.59,413.21799001564415
51,1,130,32.0,4.0,9.0,0.0,5.0,0.0,1.0,0,0,0,0,24,8.80095238095238,0,5725,159386.57,3339.7481565269577
51,1,131,32.0,4.0,9.0,0.0,5.0,0.0,1.0,0,0,0,0,24,8.021075268817203,0,5725,171453.72,11012.309486792296
51,1,131,32.0,4.0,9.0,0.0,5.0,0.0,1.0,0,0,0,0,24,3.9639999999999986,0,5725,135518.6,16930.667158230175
51,1,135,32.0,4.0,9.0,0.0,5.0,0.0,1.0,0,0,0,0,24,4.699139784946233,0,5725,162256.26,38966.58105646737
51,1,135,32.0,4.0,9.0,0.0,5.0,0.0,1.0,0,0,0,0,24,7.152444444444441,0,5725,188376.33,57544.61344587621
51,1,136,32.0,4.0,9.0,0.0,5.0,0.0,1.0,0,0,0,0,24,8.037419354838708,0,5725,201845.12,68021.30103332597
51,1,136,32.0,4.0,9.0,0.0,5.0,0.0,1.0,0,0,0,0,24,7.056344086021507,0,5725,196203.98,78416.37605556869
51,1,137,32.0,4.0,9.0,0.0,5.0,0.0,1.0,0,0,0,0,24,4.788666666666664,0,5725,191203.73,61784.05066055164
51,1,137,32.0,4.0,9.0,0.0,5.0,0.0,1.0,0,0,0,0,24,2.0780645161290323,0,5725,170700.03,44114.97635765694
51,1,137,32.0,4.0,9.0,0.0,5.0,0.0,1.0,0,0,0,0,24,2.0913333333333313,0,5725,157719.49,31752.902905229384
51,1,137,32.0,4.0,9.0,0.0,5.0,0.0,1.0,0,0,0,0,24,7.669677419354841,0,5725,170865.64,16611.989802557
54,1,364,55.0,0.0,0.0,0.0,0.0,0.0,0.0,0,0,0,6,0,10.112043010752688,0,5394,54440.36,19442.46112004828
54,1,364,55.0,0.0,0.0,0.0,0.0,0.0,0.0,0,0,0,6,0,8.80095238095238,0,5394,46521.39,19853.49740579599
54,1,364,55.0,0.0,0.0,0.0,0.0,0.0,0.0,0,0,0,6,0,8.021075268817203,0,5394,56799.66,36977.929143830734
54,1,365,55.0,0.0,0.0,0.0,0.0,0.0,0.0,0,0,0,6,0,3.9639999999999986,0,5394,46754.45,19235.87722539748
54,1,365,55.0,0.0,0.0,0.0,0.0,0.0,0.0,0,0,0,6,0,4.699139784946233,0,5394,51854.99,39213.60308906804
54,1,365,55.0,0.0,0.0,0.0,0.0,0.0,0.0,0,0,0,6,0,7.152444444444441,0,5394,81749.26,63275.065950336015
54,1,368,55.0,0.0,0.0,0.0,0.0,0.0,0.0,0,0,0,6,0,8.037419354838708,0,5394,89388.53,79230.4598713806
54,1,368,55.0,0.0,0.0,0.0,0.0,0.0,0.0,0,0,0,6,0,7.056344086021507,0,5394,94225.34,101663.52432328644
54,1,369,55.0,0.0,0.0,0.0,0.0,0.0,0.0,0,0,0,6,0,4.788666666666664,0,5394,70238.21,68990.10795916912
54,1,369,55.0,0.0,0.0,0.0,0.0,0.0,0.0,0,0,0,6,0,2.0780645161290323,0,5394,70646.43,64248.83963585933
54,1,369,55.0,0.0,0.0,0.0,0.0,0.0,0.0,0,0,0,6,0,2.0913333333333313,0,5394,101914.42,46550.42058472725
54,1,370,55.0,0.0,0.0,0.0,0.0,0.0,0.0,0,0,0,6,0,7.669677419354841,0,5394,107100.62,43130.15300634834
55,1,389,69.0,12.0,3.0,0.0,1.0,0.0,0.0,0,0,1,0,0,10.112043010752688,0,4680,27707.78,13613.720957096137
55,1,389,69.0,12.0,3.0,0.0,1.0,0.0,0.0,0,0,1,0,0,8.80095238095238,0,4680,24173.64,7137.213900591034
55,1,389,69.0,12.0,3.0,0.0,1.0,0.0,0.0,0,0,1,0,0,8.021075268817203,0,4680,26365.43,8948.122712870878
55,1,389,69.0,12.0,3.0,0.0,1.0,0.0,0.0,0,0,1,0,0,3.9639999999999986,0,4680,23513.8,4269.588741255729
55,1,389,69.0,12.0,3.0,0.0,1.0,0.0,0.0,0,0,1,0,0,4.699139784946233,0,4680,26510.76,16676.473999531092
55,1,390,69.0,12.0,3.0,0.0,1.0,0.0,0.0,0,0,1,0,0,7.152444444444441,0,4680,26047.35,24964.762078848333
55,1,391,69.0,12.0,3.0,0.0,1.0,0.0,0.0,0,0,1,0,0,8.037419354838708,0,4680,26904.76,31175.164880163484
55,1,391,69.0,12.0,3.0,0.0,1.0,0.0,0.0,0,0,1,0,0,7.056344086021507,0,4680,24064.07,30230.99748083189
55,1,392,69.0,12.0,3.0,0.0,1.0,0.0,0.0,0,0,1,0,0,4.788666666666664,0,4680,22576.61,29078.382105205383
55,1,393,69.0,12.0,3.0,0.0,1.0,0.0,0.0,0,0,1,0,0,2.0780645161290323,0,4680,21404.29,20961.475387785445
55,1,393,69.0,12.0,3.0,0.0,1.0,0.0,0.0,0,0,1,0,0,2.0913333333333313,0,4680,26708.03,11548.649645234678
55,1,393,69.0,12.0,3.0,0.0,1.0,0.0,0.0,0,0,1,0,0,7.669677419354841,0,4680,28380.51,11608.68080417616
56,0,64,5.0,0.0,3.0,0.0,0.0,0.0,0.0,0,0,0,0,0,10.112043010752688,0,1196,16581.58,3479.0585663577217
56,0,64,5.0,0.0,3.0,0.0,0.0,0.0,0.0,0,0,0,0,0,8.80095238095238,0,1196,14453.63,1823.9588641975836
56,0,64,5.0,0.0,3.0,0.0,0.0,0.0,0.0,0,0,0,0,0,8.021075268817203,0,1196,15636.86,2286.7460725444053
56,0,64,5.0,0.0,3.0,0.0,0.0,0.0,0.0,0,0,0,0,0,3.9639999999999986,0,1196,14913.79,1091.1208953346516
56,0,64,5.0,0.0,3.0,0.0,0.0,0.0,0.0,0,0,0,0,0,4.699139784946233,0,1196,16806.9,4261.769603381102
56,0,65,5.0,0.0,3.0,0.0,0.0,0.0,0.0,0,0,0,0,0,7.152444444444441,0,1196,16464.76,6379.882068471867
56,0,65,5.0,0.0,3.0,0.0,0.0,0.0,0.0,0,0,0,0,0,8.037419354838708,0,1196,17113.23,7966.992746690704
56,0,65,5.0,0.0,3.0,0.0,0.0,0.0,0.0,0,0,0,0,0,7.056344086021507,0,1196,15534.17,7725.7005543277555
56,0,65,5.0,0.0,3.0,0.0,0.0,0.0,0.0,0,0,0,0,0,4.788666666666664,0,1196,16765.42,7431.143593377873
56,0,65,5.0,0.0,3.0,0.0,0.0,0.0,0.0,0,0,0,0,0,2.0780645161290323,0,1196,14827.18,5356.822885086258
56,0,65,5.0,0.0,3.0,0.0,0.0,0.0,0.0,0,0,0,0,0,2.0913333333333313,0,1196,15969.44,2951.3197905071884
56,0,68,5.0,0.0,3.0,0.0,0.0,0.0,0.0,0,0,0,0,0,7.669677419354841,0,1196,16508.48,2966.6640233398384
57,1,62,0.0,0.0,0.0,0.0,0.0,0.0,0.0,0,0,0,3,0,10.112043010752688,0,2000,20922.03,5817.827807300614
57,1,62,0.0,0.0,0.0,0.0,0.0,0.0,0.0,0,0,0,3,0,8.80095238095238,0,2000,12009.94,3050.091915402403
57,1,62,0.0,0.0,0.0,0.0,0.0,0.0,0.0,0,0,0,3,0,8.021075268817203,0,2000,18638.38,3823.988682608157
57,1,62,0.0,0.0,0.0,0.0,0.0,0.0,0.0,0,0,0,3,0,3.9639999999999986,0,2000,17200.26,1824.6077419897367
57,1,62,0.0,0.0,0.0,0.0,0.0,0.0,0.0,0,0,0,3,0,4.699139784946233,0,2000,18904.72,7126.6937860922735
57,1,62,0.0,0.0,0.0,0.0,0.0,0.0,0.0,0,0,0,3,0,7.152444444444441,0,2000,18671.6,10668.701310707336
57,1,62,0.0,0.0,0.0,0.0,0.0,0.0,0.0,0,0,0,3,0,8.037419354838708,0,2000,18617.22,13322.717916742624
57,1,62,0.0,0.0,0.0,0.0,0.0,0.0,0.0,0,0,0,3,0,7.056344086021507,0,2000,17505.26,12919.23144375459
57,1,62,0.0,0.0,0.0,0.0,0.0,0.0,0.0,0,0,0,3,0,4.788666666666664,0,2000,16314.01,12426.664499449756
57,1,64,0.0,0.0,0.0,0.0,0.0,0.0,0.0,0,0,0,3,0,2.0780645161290323,0,2000,16077.89,8957.899177430081
57,1,64,0.0,0.0,0.0,0.0,0.0,0.0,0.0,0,0,0,3,0,2.0913333333333313,0,2000,16819.85,4935.315616533449
57,1,64,0.0,0.0,0.0,0.0,0.0,0.0,0.0,0,0,0,3,0,7.669677419354841,0,2000,21366.72,4960.973595753339
58,1,330,66.0,2.0,5.0,0.0,1.0,0.0,0.0,0,0,4,12,0,10.112043010752688,0,4283,62827.02,8116.97819880561
58,1,346,66.0,2.0,5.0,0.0,1.0,0.0,0.0,0,0,4,12,0,8.80095238095238,0,4283,53938.73,6655.26476145517
58,1,346,66.0,2.0,5.0,0.0,1.0,0.0,0.0,0,0,4,12,0,8.021075268817203,0,4283,58667.76,9206.180573769509
58,1,347,66.0,2.0,5.0,0.0,1.0,0.0,0.0,0,0,4,12,0,3.9639999999999986,0,4283,50539.17,29161.170279343794
58,1,347,66.0,2.0,5.0,0.0,1.0,0.0,0.0,0,0,4,12,0,4.699139784946233,0,4283,54644.11,48989.259309293535
58,1,348,66.0,2.0,5.0,0.0,1.0,0.0,0.0,0,0,4,12,0,7.152444444444441,0,4283,57196.37,75271.98862685707
58,1,351,66.0,2.0,5.0,0.0,1.0,0.0,0.0,0,0,4,12,0,8.037419354838708,0,4283,58344.69,85254.22612928785
58,1,352,66.0,2.0,5.0,0.0,1.0,0.0,2.0,0,0,4,12,0,7.056344086021507,0,4283,53258.79,84154.45028537298
58,1,352,66.0,2.0,5.0,1.0,1.0,0.0,2.0,0,0,4,12,0,4.788666666666664,0,4283,52663.6,68097.20941316763
58,1,353,66.0,2.0,5.0,1.0,1.0,0.0,2.0,0,0,4,12,0,2.0780645161290323,0,4283,51233.22,53785.71107506808
58,1,353,66.0,2.0,5.0,1.0,1.0,0.0,2.0,0,0,4,12,0,2.0913333333333313,0,4283,53044.78,39928.51129978659
58,1,354,66.0,2.0,5.0,1.0,1.0,0.0,2.0,0,0,4,12,0,7.669677419354841,0,4283,59089.34,13817.309305339291
59,1,372,28.0,1.0,9.0,2.0,3.0,0.0,0.0,18,0,7,4,3,10.112043010752688,0,2903,54230.0,0.0
59,1,373,28.0,1.0,9.0,2.0,3.0,0.0,0.0,18,0,7,4,3,8.80095238095238,0,2903,48944.0,0.0
59,1,374,28.0,1.0,9.0,2.0,3.0,0.0,0.0,18,0,7,4,3,8.021075268817203,0,2903,49606.0,0.0
59,1,375,28.0,1.0,9.0,2.0,3.0,0.0,0.0,18,0,7,4,3,3.9639999999999986,0,2903,40851.0,8038.079064375938
59,1,379,28.0,1.0,9.0,2.0,3.0,0.0,0.0,18,0,7,4,3,4.699139784946233,0,2903,48259.0,14535.455354732389
59,1,380,28.0,1.0,9.0,2.0,3.0,0.0,0.0,18,0,7,4,3,7.152444444444441,0,2903,50644.0,24166.45726782176
59,1,381,28.0,1.0,9.0,2.0,3.0,0.0,0.0,18,0,7,4,3,8.037419354838708,0,2903,53419.0,32127.017641411745
59,1,381,28.0,1.0,9.0,2.0,3.0,0.0,0.0,18,0,7,4,3,7.056344086021507,0,2903,53697.0,32821.25536305189
59,1,381,28.0,1.0,9.0,2.0,4.0,0.0,1.0,18,0,7,4,3,4.788666666666664,0,2903,51264.0,25257.989387090925
59,1,384,28.0,1.0,9.0,2.0,4.0,0.0,1.0,18,0,7,4,3,2.0780645161290323,0,2903,53566.0,13712.536576687982
59,1,389,28.0,1.0,9.0,2.0,4.0,0.0,1.0,18,0,7,4,3,2.0913333333333313,0,2903,50261.0,8459.103151937854
59,1,390,28.0,1.0,9.0,2.0,5.0,0.0,1.0,18,0,7,4,3,7.669677419354841,0,2903,52990.0,382.26187805323127
60,1,11,0.0,0.0,0.0,1.0,0.0,0.0,0.0,0,0,2,1,0,10.112043010752688,0,2200,19760.68,6399.617068051845
60,1,11,0.0,0.0,0.0,1.0,0.0,0.0,0.0,0,0,2,1,0,8.80095238095238,0,2200,18089.87,3355.107014195593
60,1,11,0.0,0.0,0.0,1.0,0.0,0.0,0.0,0,0,2,1,0,8.021075268817203,0,2200,18174.49,4206.381548406634
60,1,12,0.0,0.0,0.0,1.0,0.0,0.0,0.0,0,0,2,1,0,3.9639999999999986,0,2200,15174.85,2007.0685161887109
60,1,12,0.0,0.0,0.0,1.0,0.0,0.0,0.0,0,0,2,1,0,4.699139784946233,0,2200,17348.29,7839.367556399489
60,1,12,0.0,0.0,0.0,1.0,0.0,0.0,0.0,0,0,2,1,0,7.152444444444441,0,2200,16841.84,11735.56638281222
60,1,12,0.0,0.0,0.0,1.0,0.0,0.0,0.0,0,0,2,1,0,8.037419354838708,0,2200,18532.26,14654.99466340263
60,1,12,0.0,0.0,0.0,1.0,0.0,0.0,0.0,0,0,2,1,0,7.056344086021507,0,2200,14660.39,14211.157823040983
60,1,14,0.0,0.0,0.0,1.0,0.0,0.0,0.0,0,0,2,1,0,4.788666666666664,0,2200,15254.51,13669.329824525696
60,1,14,0.0,0.0,0.0,1.0,0.0,0.0,0.0,0,0,2,1,0,2.0780645161290323,0,2200,13427.93,9853.684522856802
60,1,15,0.0,0.0,0.0,1.0,0.0,0.0,0.0,0,0,2,1,0,2.0913333333333313,0,2200,12914.0,5428.853021632272
60,1,15,0.0,0.0,0.0,1.0,0.0,0.0,0.0,0,0,2,1,0,7.669677419354841,0,2200,16471.27,5457.070955328673
62,1,222,2.0,44.0,16.0,6.0,7.0,0.0,0.0,29,2,29,0,0,10.112043010752688,0,3761,55887.0,11004.384912190237
62,1,224,2.0,44.0,16.0,6.0,7.0,0.0,0.0,29,2,29,0,0,8.80095238095238,0,3761,49217.0,9428.15292495051
62,1,225,2.0,44.0,16.0,6.0,8.0,0.0,0.0,29,2,29,0,0,8.021075268817203,0,3761,53655.0,10272.842141343242
62,1,226,2.0,44.0,16.0,6.0,8.0,0.0,0.0,29,2,29,0,0,3.9639999999999986,0,3761,45448.0,28426.954682716874
62,1,226,2.0,44.0,16.0,6.0,8.0,0.0,0.0,29,2,29,0,0,4.699139784946233,0,3761,54931.0,30136.34762068756
62,1,226,2.0,44.0,16.0,6.0,8.0,0.0,0.0,29,2,29,0,0,7.152444444444441,0,3761,55287.0,43847.72647499989
62,1,227,2.0,44.0,16.0,6.0,8.0,0.0,0.0,29,2,29,0,0,8.037419354838708,0,3761,57494.0,51813.64176738203
62,1,228,2.0,44.0,16.0,6.0,8.0,0.0,0.0,29,2,29,0,0,7.056344086021507,0,3761,60457.0,57356.448116936524
62,1,228,2.0,44.0,16.0,6.0,8.0,0.0,0.0,29,2,29,0,0,4.788666666666664,0,3761,59102.0,50905.32969474863
62,1,232,2.0,44.0,16.0,6.0,8.0,0.0,0.0,29,2,29,0,0,2.0780645161290323,0,3761,44588.0,40598.88799430333
62,1,233,2.0,44.0,16.0,6.0,8.0,0.0,0.0,29,2,29,0,0,2.0913333333333313,0,3761,57920.0,25829.913525336764
62,1,233,2.0,44.0,16.0,6.0,8.0,0.0,0.0,29,2,29,0,0,7.669677419354841,0,3761,63768.0,15744.742151179396
63,1,198,26.0,5.0,13.0,1.0,1.0,0.0,0.0,11,0,15,0,0,10.112043010752688,0,2564,46787.0,23405.68094819889
63,1,198,26.0,5.0,13.0,1.0,1.0,0.0,0.0,11,0,15,0,0,8.80095238095238,0,2564,46365.0,23620.150918475603
63,1,198,26.0,5.0,13.0,1.0,1.0,0.0,0.0,11,0,15,0,0,8.021075268817203,0,2564,48338.0,30927.987327252355
63,1,199,26.0,5.0,13.0,1.0,1.0,0.0,0.0,11,0,15,0,0,3.9639999999999986,0,2564,41250.0,22047.01367926374
63,1,199,26.0,5.0,13.0,1.0,1.0,0.0,0.0,11,0,15,0,0,4.699139784946233,0,2564,47815.0,52103.620958498985
63,1,200,26.0,5.0,13.0,1.0,1.0,0.0,0.0,11,0,15,0,0,7.152444444444441,0,2564,47464.0,68547.0243798697
63,1,201,26.0,5.0,13.0,1.0,1.0,0.0,0.0,11,0,15,0,0,8.037419354838708,0,2564,50004.0,95670.62688833346
63,1,224,26.0,5.0,13.0,1.0,1.0,0.0,0.0,11,0,15,0,0,7.056344086021507,0,2564,77252.0,104119.26382587856
63,1,224,26.0,5.0,13.0,1.0,1.0,0.0,0.0,11,0,15,0,0,4.788666666666664,0,2564,68040.0,78993.70330979128
63,1,224,26.0,5.0,13.0,1.0,1.0,0.0,0.0,11,0,15,0,0,2.0780645161290323,0,2564,65833.0,65762.93931281786
63,1,226,26.0,5.0,13.0,1.0,1.0,0.0,0.0,11,0,15,0,0,2.0913333333333313,0,2564,44822.0,28980.27567744919
63,1,228,26.0,5.0,13.0,1.0,1.0,0.0,0.0,11,0,15,0,0,7.669677419354841,0,2564,51537.0,40444.61988549789
64,1,99,8.0,7.0,9.0,0.0,0.0,0.0,0.0,0,0,5,0,0,10.112043010752688,1,1545,38169.32,10274.280926883144
64,1,100,8.0,7.0,9.0,0.0,0.0,0.0,0.0,0,0,5,0,0,8.80095238095238,1,1545,34549.57,14612.91339518698
64,1,103,8.0,7.0,9.0,0.0,0.0,0.0,0.0,0,0,5,0,0,8.021075268817203,1,1545,40109.96,15247.514859353078
64,1,104,8.0,7.0,9.0,0.0,0.0,0.0,0.0,0,0,5,0,0,3.9639999999999986,1,1545,33379.28,11998.826880066536
64,1,105,8.0,7.0,9.0,0.0,0.0,0.0,0.0,0,0,5,0,0,4.699139784946233,1,1545,37505.13,24945.942498421296
64,1,105,8.0,7.0,9.0,0.0,0.0,0.0,0.0,0,0,5,0,0,7.152444444444441,1,1545,29185.09,37359.926547029805
64,1,105,8.0,7.0,9.0,0.0,0.0,0.0,0.0,0,0,5,0,0,8.037419354838708,1,1545,49897.41,39750.41185673337
64,1,105,8.0,7.0,9.0,0.0,0.0,0.0,0.0,0,0,5,0,0,7.056344086021507,1,1545,44783.87,49967.87919700284
64,1,105,8.0,7.0,9.0,0.0,0.0,0.0,0.0,0,0,5,0,0,4.788666666666664,1,1545,41380.44,35613.06131772723
64,1,105,8.0,7.0,9.0,0.0,0.0,0.0,0.0,0,0,5,0,0,2.0780645161290323,1,1545,39240.88,29866.438573399297
64,1,106,8.0,7.0,9.0,0.0,0.0,0.0,0.0,0,0,5,0,0,2.0913333333333313,1,1545,43379.41,20948.094652157324
64,1,107,8.0,7.0,9.0,0.0,0.0,0.0,0.0,0,0,5,0,0,7.669677419354841,1,1545,47826.59,9972.35079720452
65,0,1,0.0,0.0,1.0,0.0,0.0,0.0,0.0,0,0,0,0,0,10.112043010752688,0,1348,11572.0,0.0
65,0,1,0.0,0.0,1.0,0.0,0.0,0.0,0.0,0,0,0,0,0,8.80095238095238,0,1348,9863.0,0.0
65,0,1,0.0,0.0,1.0,0.0,0.0,0.0,0.0,0,0,0,0,0,8.021075268817203,0,1348,11597.0,0.0
65,0,1,0.0,0.0,1.0,0.0,0.0,0.0,0.0,0,0,0,0,0,3.9639999999999986,0,1348,11654.0,0.0
65,0,1,0.0,0.0,1.0,0.0,0.0,0.0,0.0,0,0,0,0,0,4.699139784946233,0,1348,11568.0,0.0
65,0,1,0.0,0.0,1.0,0.0,0.0,0.0,0.0,0,0,0,0,0,7.152444444444441,0,1348,17995.13,0.0
65,0,1,0.0,0.0,1.0,0.0,0.0,0.0,0.0,0,0,0,0,0,8.037419354838708,0,1348,19896.74,0.0
65,0,1,0.0,0.0,1.0,0.0,0.0,0.0,0.0,0,0,0,0,0,7.056344086021507,0,1348,13092.35,0.0
65,0,1,0.0,0.0,1.0,0.0,0.0,0.0,0.0,0,0,0,0,0,4.788666666666664,0,1348,13020.17,0.0
65,0,1,0.0,0.0,1.0,0.0,0.0,0.0,0.0,0,0,0,0,0,2.0780645161290323,0,1348,10687.0,0.0
65,0,1,0.0,0.0,1.0,0.0,0.0,0.0,0.0,0,0,0,0,0,2.0913333333333313,0,1348,10563.0,0.0
65,0,1,0.0,0.0,1.0,0.0,0.0,0.0,0.0,0,0,0,0,0,7.669677419354841,0,1348,10323.0,0.0
70,0,279,4.0,0.0,12.0,0.0,0.0,0.0,0.0,0,0,0,0,0,10.112043010752688,0,11122,233120.13,16154.97789958226
70,0,279,4.0,0.0,12.0,0.0,0.0,0.0,0.0,0,0,0,0,0,8.80095238095238,0,11122,195840.44,18348.11669316359
70,0,281,4.0,0.0,12.0,0.0,0.0,0.0,0.0,0,0,0,0,0,8.021075268817203,0,11122,212507.96,15112.567501037043
70,0,289,4.0,0.0,12.0,0.0,0.0,0.0,0.0,0,0,0,0,0,3.9639999999999986,0,11122,178449.35,9080.174961605117
70,0,289,4.0,0.0,12.0,0.0,0.0,0.0,0.0,0,0,0,0,0,4.699139784946233,0,11122,215694.29,43052.01300637057
70,0,291,4.0,0.0,12.0,0.0,0.0,0.0,0.0,0,0,0,0,0,7.152444444444441,0,11122,216864.21,64169.6833532024
70,0,294,4.0,0.0,12.0,0.0,0.0,0.0,0.0,0,0,0,0,0,8.037419354838708,0,11122,221734.76,74108.0947098854
70,0,324,4.0,0.0,12.0,0.0,0.0,0.0,0.0,0,0,0,0,0,7.056344086021507,0,11122,193427.55,70548.67369432152
70,0,324,4.0,0.0,12.0,0.0,0.0,0.0,0.0,0,0,0,0,0,4.788666666666664,0,11122,188106.28,57431.87610411648
70,0,324,4.0,0.0,12.0,0.0,0.0,0.0,0.0,0,0,0,0,0,2.0780645161290323,0,11122,190369.18,44898.28272241604
70,0,324,4.0,0.0,12.0,0.0,0.0,0.0,0.0,0,0,0,0,0,2.0913333333333313,0,11122,218081.53,23183.92836968544
70,0,325,4.0,0.0,12.0,0.0,0.0,0.0,0.0,0,0,0,0,0,7.669677419354841,0,11122,254822.94,9003.091531725711
71,0,153,16.0,1.0,10.0,0.0,1.0,0.0,0.0,0,0,0,0,0,10.112043010752688,0,5758,107945.88,2341.2705291147963
71,0,157,16.0,1.0,10.0,0.0,1.0,0.0,0.0,0,0,0,0,0,8.80095238095238,0,5758,86543.2,7880.204547564194
71,0,160,16.0,1.0,10.0,0.0,1.0,0.0,0.0,0,0,0,0,0,8.021075268817203,0,5758,90561.58,5749.93874885151
71,0,161,16.0,1.0,10.0,0.0,1.0,0.0,0.0,0,0,0,0,0,3.9639999999999986,0,5758,74736.58,2764.388799422776
71,0,163,16.0,1.0,10.0,0.0,1.0,0.0,0.0,0,0,0,0,0,4.699139784946233,0,5758,90220.35,17131.201388491576
71,0,164,16.0,1.0,10.0,0.0,1.0,0.0,0.0,0,0,0,0,0,7.152444444444441,0,5758,88779.41,24286.5469991535
71,0,173,16.0,1.0,10.0,0.0,1.0,0.0,0.0,0,0,0,0,0,8.037419354838708,0,5758,97015.03,29811.82037289428
71,0,174,16.0,1.0,10.0,0.0,1.0,0.0,0.0,0,0,0,0,0,7.056344086021507,0,5758,80408.51,27336.17273427603
71,0,174,16.0,1.0,10.0,0.0,1.0,0.0,0.0,0,0,0,0,0,4.788666666666664,0,5758,82363.18,27633.75779281671
71,0,174,16.0,1.0,10.0,0.0,1.0,0.0,0.0,0,0,0,0,0,2.0780645161290323,0,5758,69070.18,17122.398601896846
71,0,177,16.0,1.0,10.0,0.0,1.0,0.0,0.0,0,0,0,0,0,2.0913333333333313,0,5758,79346.31,9722.485281577816
71,0,189,16.0,1.0,10.0,0.0,1.0,0.0,0.0,0,0,0,0,0,7.669677419354841,0,5758,108854.24,3443.180126025364
72,0,1032,167.0,19.0,16.0,2.0,0.0,0.0,0.0,0,0,0,0,0,10.112043010752688,0,15404,151299.96,18750.355978886397
72,0,1033,167.0,19.0,16.0,2.0,0.0,0.0,0.0,0,0,0,0,0,8.80095238095238,0,15404,133586.89,16329.17122360974
72,0,1034,167.0,19.0,16.0,2.0,0.0,0.0,0.0,0,0,0,0,0,8.021075268817203,0,15404,142657.08,20446.451575290317
72,0,1036,167.0,19.0,16.0,2.0,0.0,0.0,0.0,0,0,0,0,0,3.9639999999999986,0,15404,125562.74,16150.325000885765
72,0,1037,167.0,19.0,16.0,2.0,0.0,0.0,0.0,0,0,0,0,0,4.699139784946233,0,15404,142915.0,41885.23766406621
72,0,1040,167.0,19.0,16.0,2.0,0.0,0.0,0.0,0,0,0,0,0,7.152444444444441,0,15404,144685.7,52750.767760832365
72,0,1041,167.0,19.0,16.0,2.0,0.0,0.0,0.0,0,0,0,0,0,8.037419354838708,0,15404,149038.9,55639.396169596
72,0,1044,167.0,19.0,16.0,2.0,0.0,0.0,0.0,0,0,0,0,0,7.056344086021507,0,15404,123563.26,65247.22617617196
72,0,1054,167.0,19.0,16.0,2.0,0.0,0.0,0.0,0,0,0,0,0,4.788666666666664,0,15404,123779.5,64065.31881828731
72,0,1056,167.0,19.0,16.0,2.0,0.0,0.0,0.0,0,0,0,0,0,2.0780645161290323,0,15404,112374.5,29664.11357768619
72,0,1057,167.0,19.0,16.0,2.0,0.0,0.0,0.0,0,0,0,0,0,2.0913333333333313,0,15404,126403.52,38515.52235728797
72,0,1060,167.0,19.0,16.0,2.0,0.0,0.0,0.0,0,0,0,0,0,7.669677419354841,0,15404,144331.84,18197.411131728484
Entrance Gate,0,0,0.0,0.0,0.0,0.0,0.0,0.0,0.0,0,0,0,0,0,10.112043010752688,1,88,7060.53,0.0
Entrance Gate,0,0,0.0,0.0,0.0,0.0,0.0,0.0,0.0,0,0,0,0,0,8.80095238095238,1,88,6314.8,0.0
Entrance Gate,0,0,0.0,0.0,0.0,0.0,0.0,0.0,0.0,0,0,0,0,0,8.021075268817203,1,88,5585.28,0.0
Entrance Gate,0,0,0.0,0.0,0.0,0.0,0.0,0.0,0.0,0,0,0,0,0,3.9639999999999986,1,88,4368.44,0.0
Entrance Gate,0,0,0.0,0.0,0.0,0.0,0.0,0.0,0.0,0,0,0,0,0,4.699139784946233,1,88,5944.16,0.0
Entrance Gate,0,0,0.0,0.0,0.0,0.0,0.0,0.0,0.0,0,0,0,0,0,7.152444444444441,1,88,7412.15,0.0
Entrance Gate,0,0,0.0,0.0,0.0,0.0,0.0,0.0,0.0,0,0,0,0,0,8.037419354838708,1,88,9436.29,0.0
Entrance Gate,0,0,0.0,0.0,0.0,0.0,0.0,0.0,0.0,0,0,0,0,0,7.056344086021507,1,88,11898.75,0.0
Entrance Gate,0,0,0.0,0.0,0.0,0.0,0.0,0.0,0.0,0,0,0,0,0,4.788666666666664,1,88,8810.36,0.0
Entrance Gate,0,0,0.0,0.0,0.0,0.0,0.0,0.0,0.0,0,0,0,0,0,2.0780645161290323,1,88,7348.2,0.0
Entrance Gate,0,0,0.0,0.0,0.0,0.0,0.0,0.0,0.0,0,0,0,0,0,2.0913333333333313,1,88,5279.46,0.0
Entrance Gate,0,0,0.0,0.0,0.0,0.0,0.0,0.0,0.0,0,0,0,0,0,7.669677419354841,1,88,5027.67,0.0
74,0,330,72.0,0.0,1.0,0.0,0.0,0.0,0.0,0,0,0,0,0,10.112043010752688,0,5513,57074.41,1763.4600013623976
74,0,330,72.0,0.0,1.0,0.0,0.0,0.0,0.0,0,0,0,0,0,8.80095238095238,0,5513,45343.53,1099.2688868618952
74,0,330,72.0,0.0,1.0,0.0,0.0,0.0,0.0,0,0,0,0,0,8.021075268817203,0,5513,61550.85,1210.744673570449
74,0,331,72.0,0.0,1.0,0.0,0.0,0.0,0.0,0,0,0,0,0,3.9639999999999986,0,5513,43362.13,1642.5030615270027
74,0,333,72.0,0.0,1.0,0.0,0.0,0.0,0.0,0,0,0,0,0,4.699139784946233,0,5513,53600.88,3919.1293263287134
74,0,333,72.0,0.0,1.0,0.0,0.0,0.0,0.0,0,0,0,0,0,7.152444444444441,0,5513,56308.25,5885.874053283366
74,0,335,72.0,0.0,1.0,0.0,0.0,0.0,0.0,0,0,0,0,0,8.037419354838708,0,5513,56510.99,6383.409033112482
74,0,335,72.0,0.0,1.0,0.0,0.0,0.0,0.0,0,0,0,0,0,7.056344086021507,0,5513,47472.06,5289.510696807027
74,0,336,72.0,0.0,1.0,0.0,0.0,0.0,0.0,0,0,0,0,0,4.788666666666664,0,5513,47148.67,4430.364203355674
74,0,336,72.0,0.0,1.0,0.0,0.0,0.0,0.0,0,0,0,0,0,2.0780645161290323,0,5513,40383.17,2006.5038487287784
74,0,337,72.0,0.0,1.0,0.0,0.0,0.0,0.0,0,0,0,0,0,2.0913333333333313,0,5513,44277.24,1605.2967331901011
74,0,338,72.0,0.0,1.0,0.0,0.0,0.0,0.0,0,0,0,0,0,7.669677419354841,0,5513,49489.85,1304.394031215893
90,0,92,7.0,0.0,0.0,0.0,0.0,0.0,0.0,0,0,0,0,0,10.112043010752688,0,5437,88198.4,2640.193905720957
90,0,92,7.0,0.0,0.0,0.0,0.0,0.0,0.0,0,0,0,0,0,8.80095238095238,0,5437,66716.61,2849.5406777677285
90,0,92,7.0,0.0,0.0,0.0,0.0,0.0,0.0,0,0,0,0,0,8.021075268817203,0,5437,64739.16,6466.260599519557
90,0,92,7.0,0.0,0.0,0.0,0.0,0.0,0.0,0,0,0,0,0,3.9639999999999986,0,5437,79615.91,4606.552790734068
90,0,92,7.0,0.0,0.0,0.0,0.0,0.0,0.0,0,0,0,0,0,4.699139784946233,0,5437,82628.53,19944.402348144755
90,0,92,7.0,0.0,0.0,0.0,0.0,0.0,0.0,0,0,0,0,0,7.152444444444441,0,5437,80378.02,29850.68094235025
90,0,92,7.0,0.0,0.0,0.0,0.0,0.0,0.0,0,0,0,0,0,8.037419354838708,0,5437,77376.6,33816.86597923635
90,0,92,7.0,0.0,0.0,0.0,0.0,0.0,0.0,0,0,0,0,0,7.056344086021507,0,5437,62407.85,32095.14725504522
90,0,93,7.0,0.0,0.0,0.0,0.0,0.0,0.0,0,0,0,0,0,4.788666666666664,0,5437,61056.21,27041.60423315772
90,0,93,7.0,0.0,0.0,0.0,0.0,0.0,0.0,0,0,0,0,0,2.0780645161290323,0,5437,41817.55,12725.682121608928
90,0,93,7.0,0.0,0.0,0.0,0.0,0.0,0.0,0,0,0,0,0,2.0913333333333313,0,5437,50478.65,16181.74226162947
90,0,93,7.0,0.0,0.0,0.0,0.0,0.0,0.0,0,0,0,0,0,7.669677419354841,0,5437,60836.28,2799.368602372543
92,0,0,0.0,0.0,0.0,0.0,0.0,0.0,0.0,0,0,0,0,0,10.112043010752688,0,945,11164.48,458.8891792270081
92,0,0,0.0,0.0,0.0,0.0,0.0,0.0,0.0,0,0,0,0,0,8.80095238095238,0,945,7616.26,495.275901789879
92,0,0,0.0,0.0,0.0,0.0,0.0,0.0,0.0,0,0,0,0,0,8.021075268817203,0,945,10398.25,1123.889043518273
92,0,0,0.0,0.0,0.0,0.0,0.0,0.0,0.0,0,0,0,0,0,3.9639999999999986,0,945,11727.74,800.6643440590739
92,0,0,0.0,0.0,0.0,0.0,0.0,0.0,0.0,0,0,0,0,0,4.699139784946233,0,945,7582.47,3466.5209316476166
92,0,0,0.0,0.0,0.0,0.0,0.0,0.0,0.0,0,0,0,0,0,7.152444444444441,0,945,6439.63,5188.323606112336
92,0,0,0.0,0.0,0.0,0.0,0.0,0.0,0.0,0,0,0,0,0,8.037419354838708,0,945,6108.51,5877.683368229388
92,0,0,0.0,0.0,0.0,0.0,0.0,0.0,0.0,0,0,0,0,0,7.056344086021507,0,945,14536.59,5578.431375263927
92,0,0,0.0,0.0,0.0,0.0,0.0,0.0,0.0,0,0,0,0,0,4.788666666666664,0,945,13863.3,4700.07405290439
92,0,0,0.0,0.0,0.0,0.0,0.0,0.0,0.0,0,0,0,0,0,2.0780645161290323,0,945,12774.96,2211.835142400782
92,0,0,0.0,0.0,0.0,0.0,0.0,0.0,0.0,0,0,0,0,0,2.0913333333333313,0,945,17670.46,2812.537960397112
92,0,0,0.0,0.0,0.0,0.0,0.0,0.0,0.0,0,0,0,0,0,7.669677419354841,0,945,19238.27,486.5527918982247
93,0,186,14.0,16.0,1.0,0.0,0.0,0.0,0.0,0,0,0,0,0,10.112043010752688,0,413,1285.42,200.55665523435243
93,0,186,14.0,16.0,1.0,0.0,0.0,0.0,0.0,0,0,0,0,0,8.80095238095238,0,413,4354.45,216.45356257466128
93,0,186,14.0,16.0,1.0,0.0,0.0,0.0,0.0,0,0,0,0,0,8.021075268817203,0,413,4404.08,491.1814932390874
93,0,186,14.0,16.0,1.0,0.0,0.0,0.0,0.0,0,0,0,0,0,3.9639999999999986,0,413,4189.57,349.9159239778258
93,0,186,14.0,16.0,1.0,0.0,0.0,0.0,0.0,0,0,0,0,0,4.699139784946233,0,413,4469.72,1514.9930758019716
93,0,186,14.0,16.0,1.0,0.0,0.0,0.0,0.0,0,0,0,0,0,7.152444444444441,0,413,4398.95,2267.4892012664395
93,0,189,14.0,16.0,1.0,0.0,0.0,0.0,0.0,0,0,0,0,0,8.037419354838708,0,413,4414.03,2568.763708934528
93,0,189,14.0,16.0,1.0,0.0,0.0,0.0,0.0,0,0,0,0,0,7.056344086021507,0,413,3954.66,2437.9798415702858
93,0,189,14.0,16.0,1.0,0.0,0.0,0.0,0.0,0,0,0,0,0,4.788666666666664,0,413,3850.05,2054.1121039430054
93,0,190,14.0,16.0,1.0,0.0,0.0,0.0,0.0,0,0,0,0,0,2.0780645161290323,0,413,3557.93,966.6562478798978
93,0,190,14.0,16.0,1.0,0.0,0.0,0.0,0.0,0,0,0,0,0,2.0913333333333313,0,413,3880.97,1229.1833649780986
93,0,191,14.0,16.0,1.0,0.0,0.0,0.0,0.0,0,0,0,0,0,7.669677419354841,0,413,4571.89,212.64830564197095
93A,0,69,3.0,0.0,27.0,0.0,0.0,0.0,0.0,0,0,0,0,0,10.112043010752688,0,372,4285.42,0.0
93A,0,71,3.0,0.0,27.0,0.0,0.0,0.0,0.0,0,0,0,0,0,8.80095238095238,0,372,2644.74,0.0
93A,0,71,3.0,0.0,27.0,0.0,0.0,0.0,0.0,0,0,0,0,0,8.021075268817203,0,372,3831.05,0.0
93A,0,72,3.0,0.0,27.0,0.0,0.0,0.0,0.0,0,0,0,0,0,3.9639999999999986,0,372,2477.37,0.0
93A,0,72,3.0,0.0,27.0,0.0,0.0,0.0,0.0,0,0,0,0,0,4.699139784946233,0,372,4231.67,0.0
93A,0,74,3.0,0.0,27.0,0.0,0.0,0.0,0.0,0,0,0,0,0,7.152444444444441,0,372,4357.2,0.0
93A,0,76,3.0,0.0,27.0,0.0,0.0,0.0,0.0,0,0,0,0,0,8.037419354838708,0,372,5764.22,0.0
93A,0,78,3.0,0.0,27.0,0.0,0.0,0.0,0.0,0,0,0,0,0,7.056344086021507,0,372,4147.34,0.0
93A,0,78,3.0,0.0,27.0,0.0,0.0,0.0,0.0,0,0,0,0,0,4.788666666666664,0,372,4159.07,0.0
93A,0,78,3.0,0.0,27.0,0.0,0.0,0.0,0.0,0,0,0,0,0,2.0780645161290323,0,372,3300.42,0.0
93A,0,79,3.0,0.0,27.0,0.0,0.0,0.0,0.0,0,0,0,0,0,2.0913333333333313,0,372,2706.5,0.0
93A,0,82,3.0,0.0,27.0,0.0,0.0,0.0,0.0,0,0,0,0,0,7.669677419354841,0,372,3162.74,0.0
94,0,0,0.0,0.0,0.0,0.0,0.0,0.0,0.0,0,0,0,0,0,10.112043010752688,0,405,2908.51,0.0
94,0,0,0.0,0.0,0.0,0.0,0.0,0.0,0.0,0,0,0,0,0,8.80095238095238,0,405,2190.9,0.0
94,0,0,0.0,0.0,0.0,0.0,0.0,0.0,0.0,0,0,0,0,0,8.021075268817203,0,405,2347.43,0.0
94,0,0,0.0,0.0,0.0,0.0,0.0,0.0,0.0,0,0,0,0,0,3.9639999999999986,0,405,2649.77,0.0
94,0,0,0.0,0.0,0.0,0.0,0.0,0.0,0.0,0,0,0,0,0,4.699139784946233,0,405,4761.73,0.0
94,0,0,0.0,0.0,0.0,0.0,0.0,0.0,0.0,0,0,0,0,0,7.152444444444441,0,405,6166.04,0.0
94,0,0,0.0,0.0,0.0,0.0,0.0,0.0,0.0,0,0,0,0,0,8.037419354838708,0,405,6355.04,0.0
94,0,0,0.0,0.0,0.0,0.0,0.0,0.0,0.0,0,0,0,0,0,7.056344086021507,0,405,6760.5,0.0
94,0,0,0.0,0.0,0.0,0.0,0.0,0.0,0.0,0,0,0,0,0,4.788666666666664,0,405,5763.86,0.0
94,0,0,0.0,0.0,0.0,0.0,0.0,0.0,0.0,0,0,0,0,0,2.0780645161290323,0,405,3540.98,0.0
94,0,0,0.0,0.0,0.0,0.0,0.0,0.0,0.0,0,0,0,0,0,2.0913333333333313,0,405,3080.18,0.0
94,0,0,0.0,0.0,0.0,0.0,0.0,0.0,0.0,0,0,0,0,0,7.669677419354841,0,405,2378.77,0.0
95,1,52,0.0,0.0,1.0,0.0,2.0,0.0,0.0,2,0,6,0,0,10.112043010752688,0,1569,104614.92,4877.473055087745
95,1,52,0.0,0.0,1.0,0.0,2.0,0.0,0.0,2,0,6,0,0,8.80095238095238,0,1569,87338.34,15783.48282514904
95,1,52,0.0,0.0,1.0,0.0,2.0,0.0,0.0,2,0,6,0,0,8.021075268817203,0,1569,94767.41,28859.106627781468
95,1,54,0.0,0.0,1.0,0.0,2.0,0.0,0.0,2,0,6,0,0,3.9639999999999986,0,1569,80995.69,20027.56469480346
95,1,55,0.0,0.0,1.0,0.0,2.0,0.0,0.0,2,0,6,0,0,4.699139784946233,0,1569,86469.52,41601.6108287325
95,1,56,0.0,0.0,1.0,0.0,2.0,0.0,0.0,2,0,6,0,0,7.152444444444441,0,1569,127632.84,41034.809929652205
95,1,59,0.0,0.0,1.0,0.0,2.0,0.0,0.0,2,0,6,0,0,8.037419354838708,0,1569,128236.9,32112.301333754756
95,1,59,0.0,0.0,1.0,0.0,2.0,0.0,0.0,2,0,6,0,0,7.056344086021507,0,1569,130000.0,13216.260965616715
95,1,60,0.0,0.0,1.0,0.0,2.0,0.0,0.0,2,0,6,0,0,4.788666666666664,0,1569,188069.61,44106.31750668584
95,1,60,0.0,0.0,1.0,0.0,2.0,0.0,0.0,2,0,6,0,0,2.0780645161290323,0,1569,73901.05,21964.69873517304
95,1,60,0.0,0.0,1.0,0.0,2.0,0.0,0.0,2,0,6,0,0,2.0913333333333313,0,1569,105087.47,28970.633992409967
95,1,60,0.0,0.0,1.0,0.0,2.0,0.0,0.0,2,0,6,0,0,7.669677419354841,0,1569,105344.25,3907.924163556897
96,1,48,7.0,0.0,8.0,0.0,1.0,0.0,0.0,0,0,0,0,0,10.112043010752688,1,4410,88366.0,7163.145002557606
96,1,49,7.0,0.0,8.0,0.0,1.0,0.0,0.0,0,0,0,0,0,8.80095238095238,1,4410,76811.78,6090.106057273002
96,1,49,7.0,0.0,8.0,0.0,1.0,0.0,0.0,0,0,0,0,0,8.021075268817203,1,4410,58880.26,7025.570040311663
96,1,49,7.0,0.0,8.0,0.0,1.0,0.0,0.0,0,0,0,0,0,3.9639999999999986,1,4410,43592.1,5272.655108743165
96,1,50,7.0,0.0,8.0,0.0,1.0,0.0,0.0,0,0,0,0,0,4.699139784946233,1,4410,48582.23,40937.65196836125
96,1,50,7.0,0.0,8.0,0.0,1.0,0.0,0.0,0,0,0,0,0,7.152444444444441,1,4410,52370.9,48997.06569027717
96,1,52,7.0,0.0,8.0,0.0,1.0,0.0,0.0,0,0,0,0,0,8.037419354838708,1,4410,57406.63,57665.192540802345
96,1,53,7.0,0.0,8.0,0.0,1.0,0.0,0.0,0,0,0,0,0,7.056344086021507,1,4410,49496.88,64012.10483286791
96,1,53,7.0,0.0,8.0,0.0,1.0,0.0,0.0,0,0,0,0,0,4.788666666666664,1,4410,47367.99,48126.90316772136
96,1,70,7.0,0.0,8.0,0.0,1.0,0.0,0.0,0,0,0,0,0,2.0780645161290323,1,4410,48827.19,10841.63633384481
96,1,70,7.0,0.0,8.0,0.0,1.0,0.0,0.0,0,0,0,0,0,2.0913333333333313,1,4410,44417.87,35348.11195299254
96,1,70,7.0,0.0,8.0,0.0,1.0,0.0,0.0,0,0,0,0,0,7.669677419354841,1,4410,55670.85,25883.986901782704
97,0,43,9.0,2.0,0.0,0.0,0.0,0.0,1.0,0,0,0,0,0,10.112043010752688,0,1308,24642.74,1483.510126744159
97,0,43,9.0,2.0,0.0,0.0,0.0,0.0,1.0,0,0,0,0,0,8.80095238095238,0,1308,19536.57,5710.730458351821
97,0,43,9.0,2.0,0.0,0.0,0.0,0.0,1.0,0,0,0,0,0,8.021075268817203,0,1308,18696.82,6849.061632757117
97,0,43,9.0,2.0,0.0,0.0,0.0,0.0,1.0,0,0,0,0,0,3.9639999999999986,0,1308,16795.89,5195.6477679690415
97,0,43,9.0,2.0,0.0,0.0,0.0,0.0,1.0,0,0,0,0,0,4.699139784946233,0,1308,11285.27,3691.299013937208
97,0,43,9.0,2.0,0.0,0.0,0.0,0.0,1.0,0,0,0,0,0,7.152444444444441,0,1308,10269.22,4360.535142115778
97,0,43,9.0,2.0,0.0,0.0,0.0,0.0,1.0,0,0,0,0,0,8.037419354838708,0,1308,10776.67,4639.174771771684
97,0,43,9.0,2.0,0.0,0.0,0.0,0.0,1.0,0,0,0,0,0,7.056344086021507,0,1308,9411.7,4814.097403066405
97,0,43,9.0,2.0,0.0,0.0,0.0,0.0,1.0,0,0,0,0,0,4.788666666666664,0,1308,9467.96,4253.523541690105
97,0,43,9.0,2.0,0.0,0.0,0.0,0.0,1.0,0,0,0,0,0,2.0780645161290323,0,1308,8119.66,4258.095281247649
97,0,43,9.0,2.0,0.0,0.0,0.0,0.0,1.0,0,0,0,0,0,2.0913333333333313,0,1308,10293.49,3221.476883583572
97,0,43,9.0,2.0,0.0,0.0,0.0,0.0,1.0,0,0,0,0,0,7.669677419354841,0,1308,21906.05,3711.114401020901
98,0,225,35.0,2.0,4.0,0.0,0.0,0.0,0.0,0,0,0,0,0,10.112043010752688,0,2557,30655.4,2900.1075548792733
98,0,225,35.0,2.0,4.0,0.0,0.0,0.0,0.0,0,0,0,0,0,8.80095238095238,0,2557,25172.49,11163.85743008294
98,0,230,35.0,2.0,4.0,0.0,0.0,0.0,0.0,0,0,0,0,0,8.021075268817203,0,2557,27167.12,13389.18853382623
98,0,230,35.0,2.0,4.0,0.0,0.0,0.0,0.0,0,0,0,0,0,3.9639999999999986,0,2557,22821.21,10156.927888745004
98,0,230,35.0,2.0,4.0,0.0,0.0,0.0,0.0,0,0,0,0,0,4.699139784946233,0,2557,24424.67,7216.086798645482
98,0,230,35.0,2.0,4.0,0.0,0.0,0.0,0.0,0,0,0,0,0,7.152444444444441,0,2557,23721.99,8524.37769200904
98,0,230,35.0,2.0,4.0,0.0,0.0,0.0,0.0,0,0,0,0,0,8.037419354838708,0,2557,25919.2,9069.080675669557
98,0,230,35.0,2.0,4.0,0.0,0.0,0.0,0.0,0,0,0,0,0,7.056344086021507,0,2557,20434.93,9411.0460182413
98,0,233,35.0,2.0,4.0,0.0,0.0,0.0,0.0,0,0,0,0,0,4.788666666666664,0,2557,21682.98,8315.178171349828
98,0,233,35.0,2.0,4.0,0.0,0.0,0.0,0.0,0,0,0,0,0,2.0780645161290323,0,2557,20207.5,8324.107555265751
98,0,234,35.0,2.0,4.0,0.0,0.0,0.0,0.0,0,0,0,0,0,2.0913333333333313,0,2557,21326.81,6297.641886735046
98,0,234,35.0,2.0,4.0,0.0,0.0,0.0,0.0,0,0,0,0,0,7.669677419354841,0,2557,27686.66,7254.816825973974
